number,family,genus,species,sci_name,crude_protein[%],type,europe,north_america,south_america,africa,asia,australia,citation
1,Fabaceae,Acacia,doratoxylon,Acacia doratoxylon,24.9,wild,NA,NA,NA,NA,NA,yes,"Somerville, D. C., & Nicol, H. I. (2006). Crude protein and amino acid composition of honey bee-collected pollen pellets from south-east Australia and a note on laboratory disparity. Australian Journal of Experimental Agriculture, 46(1), 141-149."
2,Fabaceae,Acacia,spp.,Acacia spp.,23.8,wild,NA,NA,NA,NA,NA,yes,"Somerville, D. C., & Nicol, H. I. (2006). Crude protein and amino acid composition of honey bee-collected pollen pellets from south-east Australia and a note on laboratory disparity. Australian Journal of Experimental Agriculture, 46(1), 141-149."
3,Fabaceae,Acacia,suaveolens,Acacia suaveolens,21.7,wild,NA,NA,NA,NA,NA,yes,"Somerville, D. C., & Nicol, H. I. (2006). Crude protein and amino acid composition of honey bee-collected pollen pellets from south-east Australia and a note on laboratory disparity. Australian Journal of Experimental Agriculture, 46(1), 141-149."
4,Fabaceae,Acacia,longifolia,Acatia longifolia,24.6,wild,NA,NA,NA,NA,NA,yes,"Somerville, D. C., & Nicol, H. I. (2006). Crude protein and amino acid composition of honey bee-collected pollen pellets from south-east Australia and a note on laboratory disparity. Australian Journal of Experimental Agriculture, 46(1), 141-149."
5,Aceraceae,Acer,rubrum,Acer rubrum,39.4,wild,yes,yes,NA,NA,yes,NA,"Roulston T. H., Cane, J. H., & Buchmann, S. L. (2000). What governs protein content of pollen: pollinator preferences, pollen?pistil interactions, or phylogeny?. Ecological monographs, 70(4), 617-643."
6,Aceraceae,Acer,sp.,Acer sp.,30.4,wild,yes,NA,NA,NA,NA,NA,"Maurizio A & Schaper F (1994). Das Trachtpflanzenbuch. Ehrenwirth Verlag, M�nchen."
7,Aceraceae,Acer,sp.,Acer sp.,27.8,wild,yes,NA,NA,NA,NA,NA,"Requier, F., Odoux, J. F., Tamic, T., Moreau, N., Henry, M., Decourtye, A., & Bretagnolle, V. (2015). Honey bee diet in intensive farmland habitats reveals an unexpectedly high flower richness and a major role of weeds. Ecological Applications, 25(4), 881-890."
8,Actinidiaceae,Actinidia,deliciosa,Actinidia deliciosa,42.2,wild,yes,yes,yes,NA,yes,yes,"Roulston T. H., Cane, J. H., & Buchmann, S. L. (2000). What governs protein content of pollen: pollinator preferences, pollen?pistil interactions, or phylogeny?. Ecological monographs, 70(4), 617-643."
9,Actinidiaceae,Actinidia,spp.,Actinidia spp.,18.1,wild,NA,NA,NA,NA,NA,NA,"Tasei, J. N., & Aupinel, P. (2008). Nutritive value of 15 single pollens and pollen mixes tested on larvae produced by bumblebee workers (Bombus terrestris, Hymenoptera: Apidae). Apidologie, 39(4), 397-409."
10,Rosaceae,Adenostoma,fasciculatum,Adenostoma fasciculatum,33.3,wild,NA,yes,NA,NA,NA,NA,"Roulston T. H., Cane, J. H., & Buchmann, S. L. (2000). What governs protein content of pollen: pollinator preferences, pollen?pistil interactions, or phylogeny?. Ecological monographs, 70(4), 617-643."
11,Hippocastanaceae,Aesculus,hippocastanum,Aesculus hippocastanum,26.7,wild,yes,yes,NA,yes,yes,yes,"Roulston T. H., Cane, J. H., & Buchmann, S. L. (2000). What governs protein content of pollen: pollinator preferences, pollen?pistil interactions, or phylogeny?. Ecological monographs, 70(4), 617-643."
12,Hippocastanaceae,Aesculus,hippocastanum,Aesculus hippocastanum,35.9,wild,yes,yes,NA,yes,yes,yes,"Maurizio A & Schaper F (1994). Das Trachtpflanzenbuch. Ehrenwirth Verlag, M�nchen."
13,Asparagaceae ,Agave,schottii,Agave schottii,42.9,weed,NA,yes,NA,NA,NA,NA,"Roulston T. H., Cane, J. H., & Buchmann, S. L. (2000). What governs protein content of pollen: pollinator preferences, pollen?pistil interactions, or phylogeny?. Ecological monographs, 70(4), 617-643."
14,Rosaceae,Agrimonia,spp.,Agrimonia spp.,21.7,weed,yes,NA,NA,NA,NA,NA,"Szcz�sna, T. (2006). Protein content and amino acid composition of bee-collected pollen from selected botanical origins. Journal of Apicultural Science, 50(2), 81-90."
15,Asphodelaceae,Aloe,ferox,Aloe ferox,46.7,weed,NA,NA,NA,yes,NA,NA,"Roulston T. H., Cane, J. H., & Buchmann, S. L. (2000). What governs protein content of pollen: pollinator preferences, pollen?pistil interactions, or phylogeny?. Ecological monographs, 70(4), 617-643."
16,Bixaceae,Amoreuxia,palmatifida,Amoreuxia palmatifida,51.7,weed,NA,yes,yes,NA,NA,NA,"Roulston T. H., Cane, J. H., & Buchmann, S. L. (2000). What governs protein content of pollen: pollinator preferences, pollen?pistil interactions, or phylogeny?. Ecological monographs, 70(4), 617-643."
17,Myrtaceae,Angophora,floribunda,Angophora floribunda,22.2,wild,NA,NA,NA,NA,NA,yes,"Somerville, D. C., & Nicol, H. I. (2006). Crude protein and amino acid composition of honey bee-collected pollen pellets from south-east Australia and a note on laboratory disparity. Australian Journal of Experimental Agriculture, 46(1), 141-149."
18,Apiaceae,Anthriscus,sylvestris,Anthriscus sylvestris,29,weed,yes,NA,NA,yes,yes,NA,"Roulston T. H., Cane, J. H., & Buchmann, S. L. (2000). What governs protein content of pollen: pollinator preferences, pollen?pistil interactions, or phylogeny?. Ecological monographs, 70(4), 617-643."
19,Asteraceae,Arctotheca,calendula,Arctotheca calendula,17.3,weed,NA,NA,NA,NA,NA,yes,"Somerville, D. C., & Nicol, H. I. (2006). Crude protein and amino acid composition of honey bee-collected pollen pellets from south-east Australia and a note on laboratory disparity. Australian Journal of Experimental Agriculture, 46(1), 141-149."
20,Asteraceae,Arctotheca,calendula,Arctotheca calendula,21,weed,NA,NA,NA,NA,NA,yes,"Somerville, D. C., & Nicol, H. I. (2006). Crude protein and amino acid composition of honey bee-collected pollen pellets from south-east Australia and a note on laboratory disparity. Australian Journal of Experimental Agriculture, 46(1), 141-149. (citing Rayer and Langridge 1985)"
21,Asteraceae,Arctotheca,calendula,Arctotheca calendula,16.8,weed,NA,NA,NA,NA,NA,yes,"Somerville, D. C., & Nicol, H. I. (2006). Crude protein and amino acid composition of honey bee-collected pollen pellets from south-east Australia and a note on laboratory disparity. Australian Journal of Experimental Agriculture, 46(1), 141-149. (citing Muss 1987)"
22,Papaveraceae,Argemone,corymbosa,Argemone corymbosa,45.3,weed,NA,yes,NA,NA,NA,NA,"Roulston T. H., Cane, J. H., & Buchmann, S. L. (2000). What governs protein content of pollen: pollinator preferences, pollen?pistil interactions, or phylogeny?. Ecological monographs, 70(4), 617-643."
23,Asteraceae,Artemisia,spp.,Artemisia spp.,13.1,weed,yes,NA,NA,NA,NA,NA,"Szcz�sna, T. (2006). Protein content and amino acid composition of bee-collected pollen from selected botanical origins. Journal of Apicultural Science, 50(2), 81-90."
24,Asparagaceae,Asparagus,officinalis,Asparagus officinalis,37,crop,yes,yes,yes,NA,yes,NA,"Roulston T. H., Cane, J. H., & Buchmann, S. L. (2000). What governs protein content of pollen: pollinator preferences, pollen?pistil interactions, or phylogeny?. Ecological monographs, 70(4), 617-643."
25,Asparagaceae,Asparagus,officinalis,Asparagus officinalis,25.6,crop,yes,yes,yes,NA,yes,NA,"Maurizio A & Schaper F (1994). Das Trachtpflanzenbuch. Ehrenwirth Verlag, M�nchen."
26,Asphodelaceae,Asphodelus,fistulosus,Asphodelus fistulosus,22.5,weed,yes,yes,NA,NA,NA,yes,"Somerville, D. C., & Nicol, H. I. (2006). Crude protein and amino acid composition of honey bee-collected pollen pellets from south-east Australia and a note on laboratory disparity. Australian Journal of Experimental Agriculture, 46(1), 141-149."
27,Asphodelaceae,Asphodelus,fistulosus,Asphodelus fistulosus,14,weed,NA,NA,NA,NA,NA,yes,"Somerville, D. C., & Nicol, H. I. (2006). Crude protein and amino acid composition of honey bee-collected pollen pellets from south-east Australia and a note on laboratory disparity. Australian Journal of Experimental Agriculture, 46(1), 141-149. (citing Muss 1987)"
28,Apiaceae,Astrantia,spp.,Astrantia spp.,30.6,weed,yes,NA,NA,NA,NA,NA,"Maurizio A & Schaper F (1994). Das Trachtpflanzenbuch. Ehrenwirth Verlag, M�nchen."
29,Proteaceae,Banksia,ericifolia,Banksia ericifolia,28.6,wild,NA,NA,NA,NA,NA,yes,"Somerville, D. C., & Nicol, H. I. (2006). Crude protein and amino acid composition of honey bee-collected pollen pellets from south-east Australia and a note on laboratory disparity. Australian Journal of Experimental Agriculture, 46(1), 141-149."
30,Proteaceae,Banksia,ericifolia,Banksia ericifolia,30.9,wild,NA,NA,NA,NA,NA,yes,"Somerville, D. C., & Nicol, H. I. (2006). Crude protein and amino acid composition of honey bee-collected pollen pellets from south-east Australia and a note on laboratory disparity. Australian Journal of Experimental Agriculture, 46(1), 141-149. (citing Stace 1996)"
31,Proteaceae,Banksia,serrata,Banksia serrata,33.3,wild,NA,NA,NA,NA,NA,yes,"Somerville, D. C., & Nicol, H. I. (2006). Crude protein and amino acid composition of honey bee-collected pollen pellets from south-east Australia and a note on laboratory disparity. Australian Journal of Experimental Agriculture, 46(1), 141-149."
32,Proteaceae,Banksia,serrata,Banksia serrata,32.2,wild,NA,NA,NA,NA,NA,yes,"Somerville, D. C., & Nicol, H. I. (2006). Crude protein and amino acid composition of honey bee-collected pollen pellets from south-east Australia and a note on laboratory disparity. Australian Journal of Experimental Agriculture, 46(1), 141-149. (citing Muss 1987)"
33,Melastomataceae,Bellucia,imperialis,Bellucia imperialis,56.6,wild,NA,NA,yes,NA,NA,NA,"Roulston T. H., Cane, J. H., & Buchmann, S. L. (2000). What governs protein content of pollen: pollinator preferences, pollen?pistil interactions, or phylogeny?. Ecological monographs, 70(4), 617-643."
34,Chenopodiaceae,Beta,vulgaris,Beta vulgaris,24.2,crop,yes,yes,NA,NA,yes,NA,"Roulston T. H., Cane, J. H., & Buchmann, S. L. (2000). What governs protein content of pollen: pollinator preferences, pollen?pistil interactions, or phylogeny?. Ecological monographs, 70(4), 617-643."
35,Polygonaceae,Bistorta,officinalis,Bistorta officinalis,15.3,wild,yes,yes,NA,yes,yes,NA,"Szcz�sna, T. (2006). Protein content and amino acid composition of bee-collected pollen from selected botanical origins. Journal of Apicultural Science, 50(2), 81-90."
36,Bombacaceae,Bombacopsis,quinata,Bombacopsis quinata,50.3,wild,NA,yes,yes,NA,NA,NA,"Roulston T. H., Cane, J. H., & Buchmann, S. L. (2000). What governs protein content of pollen: pollinator preferences, pollen?pistil interactions, or phylogeny?. Ecological monographs, 70(4), 617-643."
37,Chenopodiaceae,Brassia,scoparia,Brassia scoparia,19.3,weed,yes,yes,yes,yes,yes,yes,"Roulston T. H., Cane, J. H., & Buchmann, S. L. (2000). What governs protein content of pollen: pollinator preferences, pollen?pistil interactions, or phylogeny?. Ecological monographs, 70(4), 617-643."
38,Brassicaceae,Brassica,napus,Brassica napus,31.9,crop,yes,yes,yes,yes,yes,yes,"Roulston T. H., Cane, J. H., & Buchmann, S. L. (2000). What governs protein content of pollen: pollinator preferences, pollen?pistil interactions, or phylogeny?. Ecological monographs, 70(4), 617-643."
39,Brassicaceae,Brassica,napus,Brassica napus,23.8,crop,yes,yes,yes,yes,yes,yes,"Somerville, D. C., & Nicol, H. I. (2006). Crude protein and amino acid composition of honey bee-collected pollen pellets from south-east Australia and a note on laboratory disparity. Australian Journal of Experimental Agriculture, 46(1), 141-149."
40,Brassicaceae,Brassica,napus,Brassica napus,27.1,crop,yes,yes,yes,yes,yes,yes,"Somerville, D. C., & Nicol, H. I. (2006). Crude protein and amino acid composition of honey bee-collected pollen pellets from south-east Australia and a note on laboratory disparity. Australian Journal of Experimental Agriculture, 46(1), 141-149. (citing Rayer and Langridge 1985)"
41,Brassicaceae,Brassica,napus,Brassica napus,10.6,crop,yes,yes,yes,yes,yes,yes,"Somerville, D. C., & Nicol, H. I. (2006). Crude protein and amino acid composition of honey bee-collected pollen pellets from south-east Australia and a note on laboratory disparity. Australian Journal of Experimental Agriculture, 46(1), 141-149. (citing Muss 1987)"
42,Brassicaceae,Brassica,napus,Brassica napus,24.1,crop,yes,yes,yes,yes,yes,yes,"Somerville, D. C., & Nicol, H. I. (2006). Crude protein and amino acid composition of honey bee-collected pollen pellets from south-east Australia and a note on laboratory disparity. Australian Journal of Experimental Agriculture, 46(1), 141-149. (citing Stace 1996)"
43,Brassicaceae,Brassica,napus,Brassica napus,26.7,crop,yes,yes,yes,yes,yes,yes,"Requier, F., Odoux, J. F., Tamic, T., Moreau, N., Henry, M., Decourtye, A., & Bretagnolle, V. (2015). Honey bee diet in intensive farmland habitats reveals an unexpectedly high flower richness and a major role of weeds. Ecological Applications, 25(4), 881-890."
44,Brassicaceae,Brassica,nigra,Brassica nigra,33.6,crop,yes,yes,yes,yes,yes,yes,"Roulston T. H., Cane, J. H., & Buchmann, S. L. (2000). What governs protein content of pollen: pollinator preferences, pollen?pistil interactions, or phylogeny?. Ecological monographs, 70(4), 617-643."
45,Brassicaceae,Brassica,nigra,Brassica nigra,33.6,crop,yes,yes,yes,yes,yes,yes,"Roulston T. H., Cane, J. H., & Buchmann, S. L. (2000). What governs protein content of pollen: pollinator preferences, pollen?pistil interactions, or phylogeny?. Ecological monographs, 70(4), 617-643."
46,Brassicaceae,Brassica,rapa,Brassica rapa,44.1,crop,yes,yes,yes,yes,yes,yes,"Roulston T. H., Cane, J. H., & Buchmann, S. L. (2000). What governs protein content of pollen: pollinator preferences, pollen?pistil interactions, or phylogeny?. Ecological monographs, 70(4), 617-643."
47,Brassicaceae,Brassica,spp.,Brassica spp.,24.1,crop,yes,yes,yes,yes,yes,yes,"Szcz�sna, T. (2006). Protein content and amino acid composition of bee-collected pollen from selected botanical origins. Journal of Apicultural Science, 50(2), 81-90."
48,Brassicaceae,Brassica,spp.,Brassica spp.,28.8,crop,yes,yes,yes,yes,yes,yes,"Maurizio A & Schaper F (1994). Das Trachtpflanzenbuch. Ehrenwirth Verlag, M�nchen."
49,Brassicaceae,Brassicaceae,spp.,Brassicaceae spp.,28.8,crop,yes,NA,NA,NA,NA,NA,"Maurizio A & Schaper F (1994). Das Trachtpflanzenbuch. Ehrenwirth Verlag, M�nchen."
50,Asteraceae,Caduus,nutans,Caduus nutans,15.1,weed,NA,NA,NA,NA,NA,yes,"Somerville, D. C., & Nicol, H. I. (2006). Crude protein and amino acid composition of honey bee-collected pollen pellets from south-east Australia and a note on laboratory disparity. Australian Journal of Experimental Agriculture, 46(1), 141-149."
51,Campanulaceae,Campanula,patula,Campanula patula,23.6,weed,yes,yes,NA,NA,yes,yes,"Szcz�sna, T. (2006). Protein content and amino acid composition of bee-collected pollen from selected botanical origins. Journal of Apicultural Science, 50(2), 81-90."
52,Cannabaceae,Cannabis,sativa,Cannabis sativa,31.8,crop,yes,yes,yes,yes,yes,yes,"Roulston T. H., Cane, J. H., & Buchmann, S. L. (2000). What governs protein content of pollen: pollinator preferences, pollen?pistil interactions, or phylogeny?. Ecological monographs, 70(4), 617-643."
53,Cactaceae,Carnegiea,gigantea,Carnegiea gigantea,37.8,weed,NA,yes,NA,NA,NA,NA,"Roulston T. H., Cane, J. H., & Buchmann, S. L. (2000). What governs protein content of pollen: pollinator preferences, pollen?pistil interactions, or phylogeny?. Ecological monographs, 70(4), 617-643."
54,Asteraceae,Carthamus,lanatus,Carthamus lanatus,18.1,weed,yes,yes,yes,yes,yes,yes,"Somerville, D. C., & Nicol, H. I. (2006). Crude protein and amino acid composition of honey bee-collected pollen pellets from south-east Australia and a note on laboratory disparity. Australian Journal of Experimental Agriculture, 46(1), 141-149."
55,Asteraceae,Carthamus,lanatus,Carthamus lanatus,22.5,weed,yes,yes,yes,yes,yes,yes,"Somerville, D. C., & Nicol, H. I. (2006). Crude protein and amino acid composition of honey bee-collected pollen pellets from south-east Australia and a note on laboratory disparity. Australian Journal of Experimental Agriculture, 46(1), 141-149. (citing Stace 1996)"
56,Juglandaceae,Carya,illinoensis,Carya illinoensis,20,crop,yes,yes,NA,NA,yes,yes,"Roulston T. H., Cane, J. H., & Buchmann, S. L. (2000). What governs protein content of pollen: pollinator preferences, pollen?pistil interactions, or phylogeny?. Ecological monographs, 70(4), 617-643."
57,Caryophyllaceae,Caryophyllaceae,spp.,Caryophyllaceae spp.,21,weed,yes,NA,NA,NA,NA,NA,"Szcz�sna, T. (2006). Protein content and amino acid composition of bee-collected pollen from selected botanical origins. Journal of Apicultural Science, 50(2), 81-90."
58,Fagaceae,Castanea,sativa,Castanea sativa,26.7,crop,yes,yes,yes,yes,yes,yes,"Maurizio A & Schaper F (1994). Das Trachtpflanzenbuch. Ehrenwirth Verlag, M�nchen."
59,Fagaceae,Castanea,spp.,Castanea spp.,21.6,crop,yes,NA,NA,NA,NA,NA,"Di Pasquale, G., Salignon, M., Le Conte, Y., Belzunces, L. P., Decourtye, A., Kretzschmar, A. & Alaux, C. (2013). Influence of pollen nutrition on honey bee health: do pollen quality and diversity matter?. PloS one, 8(8), e72016."
60,Fagaceae,Castanea,spp.,Castanea spp.,20.3,crop,NA,NA,NA,NA,NA,NA,"Tasei, J. N., & Aupinel, P. (2008). Nutritive value of 15 single pollens and pollen mixes tested on larvae produced by bumblebee workers (Bombus terrestris, Hymenoptera: Apidae). Apidologie, 39(4), 397-409."
61,Casuarinaceae,Casuarina,littoralis,Casuarina littoralis,12.5,wild,NA,NA,NA,NA,NA,yes,"Somerville, D. C., & Nicol, H. I. (2006). Crude protein and amino acid composition of honey bee-collected pollen pellets from south-east Australia and a note on laboratory disparity. Australian Journal of Experimental Agriculture, 46(1), 141-149."
62,Casuarinaceae,Casuarina,littoralis,Casuarina littoralis,13.6,wild,NA,NA,NA,NA,NA,yes,"Somerville, D. C., & Nicol, H. I. (2006). Crude protein and amino acid composition of honey bee-collected pollen pellets from south-east Australia and a note on laboratory disparity. Australian Journal of Experimental Agriculture, 46(1), 141-149. ( (citing Kleinschmidt and Kondos 1976 mean of given values))"
63,Casuarinaceae,Casuarina,littoralis,Casuarina littoralis,14.2,wild,NA,NA,NA,NA,NA,yes,"Somerville, D. C., & Nicol, H. I. (2006). Crude protein and amino acid composition of honey bee-collected pollen pellets from south-east Australia and a note on laboratory disparity. Australian Journal of Experimental Agriculture, 46(1), 141-149. (citing Stace 1996)"
64,Bignoniaceae,Catalpa,speciosa,Catalpa speciosa,37.8,wild,NA,yes,NA,NA,NA,NA,"Roulston T. H., Cane, J. H., & Buchmann, S. L. (2000). What governs protein content of pollen: pollinator preferences, pollen?pistil interactions, or phylogeny?. Ecological monographs, 70(4), 617-643."
65,Asteraceae,Centaurea,cyanus,Centaurea cyanus,26.2,weed,yes,yes,yes,yes,yes,yes,"Roulston T. H., Cane, J. H., & Buchmann, S. L. (2000). What governs protein content of pollen: pollinator preferences, pollen?pistil interactions, or phylogeny?. Ecological monographs, 70(4), 617-643."
66,Asteraceae,Centaurea,cyanus,Centaurea cyanus,24.1,weed,yes,yes,yes,yes,yes,yes,"Requier, F., Odoux, J. F., Tamic, T., Moreau, N., Henry, M., Decourtye, A., & Bretagnolle, V. (2015). Honey bee diet in intensive farmland habitats reveals an unexpectedly high flower richness and a major role of weeds. Ecological Applications, 25(4), 881-890."
67,Asteraceae,Centaurea,solstitialis,Centaurea solstitialis,25.3,weed,yes,yes,yes,yes,yes,yes,"Roulston T. H., Cane, J. H., & Buchmann, S. L. (2000). What governs protein content of pollen: pollinator preferences, pollen?pistil interactions, or phylogeny?. Ecological monographs, 70(4), 617-643."
68,Asteraceae,Centaurea,solstitialis,Centaurea solstitialis,20.6,weed,yes,yes,yes,yes,yes,yes,"Somerville, D. C., & Nicol, H. I. (2006). Crude protein and amino acid composition of honey bee-collected pollen pellets from south-east Australia and a note on laboratory disparity. Australian Journal of Experimental Agriculture, 46(1), 141-149."
69,Asteraceae,Centaurea,solstitialis,Centaurea solstitialis,21.1,weed,yes,yes,yes,yes,yes,yes,"Maurizio A & Schaper F (1994). Das Trachtpflanzenbuch. Ehrenwirth Verlag, M�nchen."
70,Fabaceae,Cercis,canadensis,Cercis canadensis,40,wild,yes,yes,yes,NA,NA,yes,"Roulston T. H., Cane, J. H., & Buchmann, S. L. (2000). What governs protein content of pollen: pollinator preferences, pollen?pistil interactions, or phylogeny?. Ecological monographs, 70(4), 617-643."
71,Bignoniaceae,Chilopsis,linearis,Chilopsis linearis,36.6,weed,NA,yes,NA,NA,NA,NA,"Roulston T. H., Cane, J. H., & Buchmann, S. L. (2000). What governs protein content of pollen: pollinator preferences, pollen?pistil interactions, or phylogeny?. Ecological monographs, 70(4), 617-643."
72,Ericaceae,Chimaphila,umbellata,Chimaphila umbellata,29.4,weed,yes,yes,NA,NA,yes,NA,"Roulston T. H., Cane, J. H., & Buchmann, S. L. (2000). What governs protein content of pollen: pollinator preferences, pollen?pistil interactions, or phylogeny?. Ecological monographs, 70(4), 617-643."
73,Asteraceae,Chondrilla,juncea,Chondrilla juncea,22.8,weed,yes,NA,NA,NA,NA,yes,"Somerville, D. C., & Nicol, H. I. (2006). Crude protein and amino acid composition of honey bee-collected pollen pellets from south-east Australia and a note on laboratory disparity. Australian Journal of Experimental Agriculture, 46(1), 141-149."
74,Asteraceae,Chrysothamnus,nauseosus,Chrysothamnus nauseosus,30.8,weed,NA,yes,NA,NA,NA,NA,"Roulston T. H., Cane, J. H., & Buchmann, S. L. (2000). What governs protein content of pollen: pollinator preferences, pollen?pistil interactions, or phylogeny?. Ecological monographs, 70(4), 617-643."
75,Asteraceae,Cirsium,neomexicanum,Cirsium neomexicanum,28.3,weed,NA,yes,NA,NA,NA,NA,"Roulston T. H., Cane, J. H., & Buchmann, S. L. (2000). What governs protein content of pollen: pollinator preferences, pollen?pistil interactions, or phylogeny?. Ecological monographs, 70(4), 617-643."
76,Asteraceae,Cirsium,vulgare,Cirsium vulgare,17,weed,yes,yes,yes,yes,yes,yes,"Somerville, D. C., & Nicol, H. I. (2006). Crude protein and amino acid composition of honey bee-collected pollen pellets from south-east Australia and a note on laboratory disparity. Australian Journal of Experimental Agriculture, 46(1), 141-149."
77,Asteraceae,Cirsium,vulgare,Cirsium vulgare,31.8,weed,yes,yes,yes,yes,yes,yes,"Somerville, D. C., & Nicol, H. I. (2006). Crude protein and amino acid composition of honey bee-collected pollen pellets from south-east Australia and a note on laboratory disparity. Australian Journal of Experimental Agriculture, 46(1), 141-149. ( (citing Kleinschmidt and Kondos 1976 mean of given values))"
78,Asteraceae,Cirsium,vulgare,Cirsium vulgare,18.3,weed,yes,yes,yes,yes,yes,yes,"Somerville, D. C., & Nicol, H. I. (2006). Crude protein and amino acid composition of honey bee-collected pollen pellets from south-east Australia and a note on laboratory disparity. Australian Journal of Experimental Agriculture, 46(1), 141-149. (citing Muss 1987)"
79,Cistaceae,Cistus,spp.,Cistus spp.,12,wild,yes,NA,NA,NA,NA,NA,"Di Pasquale, G., Salignon, M., Le Conte, Y., Belzunces, L. P., Decourtye, A., Kretzschmar, A. & Alaux, C. (2013). Influence of pollen nutrition on honey bee health: do pollen quality and diversity matter?. PloS one, 8(8), e72016."
80,Cistaceae,Cistus,spp.,Cistus spp.,14.4,wild,NA,NA,NA,NA,NA,NA,"Tasei, J. N., & Aupinel, P. (2008). Nutritive value of 15 single pollens and pollen mixes tested on larvae produced by bumblebee workers (Bombus terrestris, Hymenoptera: Apidae). Apidologie, 39(4), 397-409."
81,Cistaceae,Cistus,spp.,Cistus spp.,18.5,wild,NA,NA,NA,NA,NA,yes,"Somerville, D. C., & Nicol, H. I. (2006). Crude protein and amino acid composition of honey bee-collected pollen pellets from south-east Australia and a note on laboratory disparity. Australian Journal of Experimental Agriculture, 46(1), 141-149."
82,Bixaceae,Cochlospermum,vitifolium,Cochlospermum vitifolium,53.8,wild,NA,yes,yes,NA,NA,NA,"Roulston T. H., Cane, J. H., & Buchmann, S. L. (2000). What governs protein content of pollen: pollinator preferences, pollen?pistil interactions, or phylogeny?. Ecological monographs, 70(4), 617-643."
83,Cornaceae,Cornus,sanguinea,Cornus sanguinea,17.9,wild,yes,yes,NA,NA,yes,NA,"Requier, F., Odoux, J. F., Tamic, T., Moreau, N., Henry, M., Decourtye, A., & Bretagnolle, V. (2015). Honey bee diet in intensive farmland habitats reveals an unexpectedly high flower richness and a major role of weeds. Ecological Applications, 25(4), 881-890."
84,Cornaceae,Cornus,sp.,Cornus sp.,26.2,wild,yes,yes,NA,NA,yes,NA,"Odoux, J. F., Feuillet, D., Aupinel, P., Loublier, Y., Tasei, J. N., & Mateescu, C. (2012). Territorial biodiversity and consequences on physico-chemical characteristics of pollen collected by honey bee colonies. Apidologie, 43(5), 561-575."
85,Cornaceae,Cornus,spp.,Cornus spp.,19.3,wild,yes,NA,NA,NA,NA,NA,"Szcz�sna, T. (2006). Protein content and amino acid composition of bee-collected pollen from selected botanical origins. Journal of Apicultural Science, 50(2), 81-90."
86,Betulaceae,Corylus,avellana,Corylus avellana,30.2,crop,yes,yes,NA,NA,yes,NA,"Roulston T. H., Cane, J. H., & Buchmann, S. L. (2000). What governs protein content of pollen: pollinator preferences, pollen?pistil interactions, or phylogeny?. Ecological monographs, 70(4), 617-643."
87,Betulaceae,Corylus,avellana,Corylus avellana,15.8,crop,yes,yes,NA,NA,yes,NA,"Maurizio A & Schaper F (1994). Das Trachtpflanzenbuch. Ehrenwirth Verlag, M�nchen."
88,Myrtaceae,Corymbia,gummifera,Corymbia gummifera,26.9,wild,NA,NA,NA,NA,NA,yes,"Somerville, D. C., & Nicol, H. I. (2006). Crude protein and amino acid composition of honey bee-collected pollen pellets from south-east Australia and a note on laboratory disparity. Australian Journal of Experimental Agriculture, 46(1), 141-149."
89,Myrtaceae,Corymbia,maculata,Corymbia maculata,28.5,wild,NA,NA,NA,NA,NA,yes,"Somerville, D. C., & Nicol, H. I. (2006). Crude protein and amino acid composition of honey bee-collected pollen pellets from south-east Australia and a note on laboratory disparity. Australian Journal of Experimental Agriculture, 46(1), 141-149."
90,Myrtaceae,Corymbia,maculata,Corymbia maculata,33.3,wild,NA,NA,NA,NA,NA,yes,"Somerville, D. C., & Nicol, H. I. (2006). Crude protein and amino acid composition of honey bee-collected pollen pellets from south-east Australia and a note on laboratory disparity. Australian Journal of Experimental Agriculture, 46(1), 141-149. ( (citing Kleinschmidt and Kondos 1976 mean of given values))"
91,Myrtaceae,Corymbia,maculata,Corymbia maculata,27.8,wild,NA,NA,NA,NA,NA,yes,"Somerville, D. C., & Nicol, H. I. (2006). Crude protein and amino acid composition of honey bee-collected pollen pellets from south-east Australia and a note on laboratory disparity. Australian Journal of Experimental Agriculture, 46(1), 141-149. (citing Stace 1996)"
92,Zingiberaceae,Costus,laevis,Costus laevis,27.2,weed,NA,yes,yes,NA,NA,NA,"Roulston T. H., Cane, J. H., & Buchmann, S. L. (2000). What governs protein content of pollen: pollinator preferences, pollen?pistil interactions, or phylogeny?. Ecological monographs, 70(4), 617-643."
93,Rosaceae,Crataegus,sp.,Crataegus sp.,28.2,wild,yes,yes,yes,yes,yes,yes,"Requier, F., Odoux, J. F., Tamic, T., Moreau, N., Henry, M., Decourtye, A., & Bretagnolle, V. (2015). Honey bee diet in intensive farmland habitats reveals an unexpectedly high flower richness and a major role of weeds. Ecological Applications, 25(4), 881-890."
94,Fabaceae,Crotalaria,retusa,Crotalaria retusa,52.7,weed,yes,yes,yes,yes,yes,yes,"Roulston T. H., Cane, J. H., & Buchmann, S. L. (2000). What governs protein content of pollen: pollinator preferences, pollen?pistil interactions, or phylogeny?. Ecological monographs, 70(4), 617-643."
95,Fabaceae,Crotalaria,sagittalis,Crotalaria sagittalis,51,weed,NA,yes,yes,NA,NA,NA,"Roulston T. H., Cane, J. H., & Buchmann, S. L. (2000). What governs protein content of pollen: pollinator preferences, pollen?pistil interactions, or phylogeny?. Ecological monographs, 70(4), 617-643."
96,Cucurbitaceae,Cucurbita,foetidissima,Cucurbita foetidissima,39.1,crop,NA,yes,NA,NA,NA,NA,"Roulston T. H., Cane, J. H., & Buchmann, S. L. (2000). What governs protein content of pollen: pollinator preferences, pollen?pistil interactions, or phylogeny?. Ecological monographs, 70(4), 617-643."
97,Cucurbitaceae,Cucurbita,pepo,Cucurbita pepo,38.2,crop,yes,yes,yes,yes,yes,yes,"Roulston T. H., Cane, J. H., & Buchmann, S. L. (2000). What governs protein content of pollen: pollinator preferences, pollen?pistil interactions, or phylogeny?. Ecological monographs, 70(4), 617-643."
98,Cactaceae,Cylindropuntia,acanthocarpa,Cylindropuntia acanthocarpa,24.9,wild,NA,yes,NA,NA,NA,NA,"Roulston T. H., Cane, J. H., & Buchmann, S. L. (2000). What governs protein content of pollen: pollinator preferences, pollen?pistil interactions, or phylogeny?. Ecological monographs, 70(4), 617-643."
99,Apiaceae,Daucus,sp.,Daucus sp.,19.2,weed,yes,yes,yes,yes,yes,yes,"Requier, F., Odoux, J. F., Tamic, T., Moreau, N., Henry, M., Decourtye, A., & Bretagnolle, V. (2015). Honey bee diet in intensive farmland habitats reveals an unexpectedly high flower richness and a major role of weeds. Ecological Applications, 25(4), 881-890."
100,Zingiberaceae,Dimerocostus,strobilaceus,Dimerocostus strobilaceus,21.3,weed,NA,yes,yes,NA,NA,NA,"Roulston T. H., Cane, J. H., & Buchmann, S. L. (2000). What governs protein content of pollen: pollinator preferences, pollen?pistil interactions, or phylogeny?. Ecological monographs, 70(4), 617-643."
101,Cactaceae,Echinocereus,engelmanii,Echinocereus engelmanii,33.7,wild,NA,yes,NA,NA,NA,NA,"Roulston T. H., Cane, J. H., & Buchmann, S. L. (2000). What governs protein content of pollen: pollinator preferences, pollen?pistil interactions, or phylogeny?. Ecological monographs, 70(4), 617-643."
102,Boraginaceae,Echium,plantagineum,Echium plantagineum,33,weed,yes,yes,NA,yes,NA,yes,"Somerville, D. C., & Nicol, H. I. (2006). Crude protein and amino acid composition of honey bee-collected pollen pellets from south-east Australia and a note on laboratory disparity. Australian Journal of Experimental Agriculture, 46(1), 141-149."
103,Boraginaceae,Echium,plantagineum,Echium plantagineum,35.2,weed,yes,yes,NA,yes,NA,yes,"Somerville, D. C., & Nicol, H. I. (2006). Crude protein and amino acid composition of honey bee-collected pollen pellets from south-east Australia and a note on laboratory disparity. Australian Journal of Experimental Agriculture, 46(1), 141-149. (citing Rayer and Langridge 1985)"
104,Boraginaceae,Echium,plantagineum,Echium plantagineum,32.1,weed,yes,yes,NA,yes,NA,yes,"Somerville, D. C., & Nicol, H. I. (2006). Crude protein and amino acid composition of honey bee-collected pollen pellets from south-east Australia and a note on laboratory disparity. Australian Journal of Experimental Agriculture, 46(1), 141-149. (citing Stace 1996)"
105,Boraginaceae,Echium,plantagineum,Echium plantagineum,31.4,weed,yes,yes,NA,yes,NA,yes,"Somerville, D. C., & Nicol, H. I. (2006). Crude protein and amino acid composition of honey bee-collected pollen pellets from south-east Australia and a note on laboratory disparity. Australian Journal of Experimental Agriculture, 46(1), 141-149. (citing Muss 1987)"
106,Boraginaceae,Echium,vulgare,Echium vulgare,34.9,weed,yes,yes,yes,yes,yes,yes,"Somerville, D. C., & Nicol, H. I. (2006). Crude protein and amino acid composition of honey bee-collected pollen pellets from south-east Australia and a note on laboratory disparity. Australian Journal of Experimental Agriculture, 46(1), 141-149."
107,Papaveraceae,Eschscholzia,californica,Eschscholzia californica,43.1,weed,yes,yes,yes,yes,yes,yes,"Roulston T. H., Cane, J. H., & Buchmann, S. L. (2000). What governs protein content of pollen: pollinator preferences, pollen?pistil interactions, or phylogeny?. Ecological monographs, 70(4), 617-643."
108,Myrtaceae,Eucalyptus,albens,Eucalyptus albens,22.5,wild,NA,NA,NA,NA,NA,yes,"Somerville, D. C., & Nicol, H. I. (2006). Crude protein and amino acid composition of honey bee-collected pollen pellets from south-east Australia and a note on laboratory disparity. Australian Journal of Experimental Agriculture, 46(1), 141-149."
109,Myrtaceae,Eucalyptus,albens,Eucalyptus albens,22.5,wild,NA,NA,NA,NA,NA,yes,"Somerville, D. C., & Nicol, H. I. (2006). Crude protein and amino acid composition of honey bee-collected pollen pellets from south-east Australia and a note on laboratory disparity. Australian Journal of Experimental Agriculture, 46(1), 141-149. ( (citing Kleinschmidt and Kondos 1976 mean of given values))"
110,Myrtaceae,Eucalyptus,albens,Eucalyptus albens,18.4,wild,NA,NA,NA,NA,NA,yes,"Somerville, D. C., & Nicol, H. I. (2006). Crude protein and amino acid composition of honey bee-collected pollen pellets from south-east Australia and a note on laboratory disparity. Australian Journal of Experimental Agriculture, 46(1), 141-149. (citing Stace 1996)"
111,Myrtaceae,Eucalyptus,blakelyi,Eucalyptus blakelyi,28.8,wild,NA,NA,NA,NA,NA,yes,"Somerville, D. C., & Nicol, H. I. (2006). Crude protein and amino acid composition of honey bee-collected pollen pellets from south-east Australia and a note on laboratory disparity. Australian Journal of Experimental Agriculture, 46(1), 141-149."
112,Myrtaceae,Eucalyptus,blakelyi,Eucalyptus blakelyi,24.3,wild,NA,NA,NA,NA,NA,yes,"Somerville, D. C., & Nicol, H. I. (2006). Crude protein and amino acid composition of honey bee-collected pollen pellets from south-east Australia and a note on laboratory disparity. Australian Journal of Experimental Agriculture, 46(1), 141-149. (citing Muss 1987)"
113,Myrtaceae,Eucalyptus,blakelyi,Eucalyptus blakelyi,24.6,wild,NA,NA,NA,NA,NA,yes,"Somerville, D. C., & Nicol, H. I. (2006). Crude protein and amino acid composition of honey bee-collected pollen pellets from south-east Australia and a note on laboratory disparity. Australian Journal of Experimental Agriculture, 46(1), 141-149. (citing Stace 1996)"
114,Myrtaceae,Eucalyptus,bridgesiana,Eucalyptus bridgesiana,23.8,wild,NA,NA,NA,NA,NA,yes,"Somerville, D. C., & Nicol, H. I. (2006). Crude protein and amino acid composition of honey bee-collected pollen pellets from south-east Australia and a note on laboratory disparity. Australian Journal of Experimental Agriculture, 46(1), 141-149."
115,Myrtaceae,Eucalyptus,camaldulensis,Eucalyptus camaldulensis,24.1,crop,yes,yes,yes,yes,yes,yes,"Somerville, D. C., & Nicol, H. I. (2006). Crude protein and amino acid composition of honey bee-collected pollen pellets from south-east Australia and a note on laboratory disparity. Australian Journal of Experimental Agriculture, 46(1), 141-149."
116,Myrtaceae,Eucalyptus,camaldulensis,Eucalyptus camaldulensis,25.8,crop,yes,yes,yes,yes,yes,yes,"Somerville, D. C., & Nicol, H. I. (2006). Crude protein and amino acid composition of honey bee-collected pollen pellets from south-east Australia and a note on laboratory disparity. Australian Journal of Experimental Agriculture, 46(1), 141-149. ( (citing Kleinschmidt and Kondos 1976 mean of given values))"
117,Myrtaceae,Eucalyptus,camaldulensis,Eucalyptus camaldulensis,26.5,crop,yes,yes,yes,yes,yes,yes,"Somerville, D. C., & Nicol, H. I. (2006). Crude protein and amino acid composition of honey bee-collected pollen pellets from south-east Australia and a note on laboratory disparity. Australian Journal of Experimental Agriculture, 46(1), 141-149. (citing Rayer and Langridge 1985)"
118,Myrtaceae,Eucalyptus,camaldulensis,Eucalyptus camaldulensis,21.9,crop,yes,yes,yes,yes,yes,yes,"Somerville, D. C., & Nicol, H. I. (2006). Crude protein and amino acid composition of honey bee-collected pollen pellets from south-east Australia and a note on laboratory disparity. Australian Journal of Experimental Agriculture, 46(1), 141-149. (citing Muss 1987)"
119,Myrtaceae,Eucalyptus,delegatensis,Eucalyptus delegatensis,23,wild,NA,NA,NA,NA,NA,yes,"Somerville, D. C., & Nicol, H. I. (2006). Crude protein and amino acid composition of honey bee-collected pollen pellets from south-east Australia and a note on laboratory disparity. Australian Journal of Experimental Agriculture, 46(1), 141-149."
120,Myrtaceae,Eucalyptus,dumosa,Eucalyptus dumosa,21.4,wild,NA,NA,NA,NA,NA,yes,"Somerville, D. C., & Nicol, H. I. (2006). Crude protein and amino acid composition of honey bee-collected pollen pellets from south-east Australia and a note on laboratory disparity. Australian Journal of Experimental Agriculture, 46(1), 141-149."
121,Myrtaceae,Eucalyptus,dumosa,Eucalyptus dumosa,24.8,wild,NA,NA,NA,NA,NA,yes,"Somerville, D. C., & Nicol, H. I. (2006). Crude protein and amino acid composition of honey bee-collected pollen pellets from south-east Australia and a note on laboratory disparity. Australian Journal of Experimental Agriculture, 46(1), 141-149."
122,Myrtaceae,Eucalyptus,fibrosa,Eucalyptus fibrosa,20.5,wild,NA,NA,NA,NA,NA,yes,"Somerville, D. C., & Nicol, H. I. (2006). Crude protein and amino acid composition of honey bee-collected pollen pellets from south-east Australia and a note on laboratory disparity. Australian Journal of Experimental Agriculture, 46(1), 141-149."
123,Myrtaceae,Eucalyptus,globoidea,Eucalyptus globoidea,29.4,wild,NA,NA,NA,NA,NA,yes,"Somerville, D. C., & Nicol, H. I. (2006). Crude protein and amino acid composition of honey bee-collected pollen pellets from south-east Australia and a note on laboratory disparity. Australian Journal of Experimental Agriculture, 46(1), 141-149."
124,Myrtaceae,Eucalyptus,globulus,Eucalyptus globulus,37.8,crop,yes,yes,yes,yes,yes,yes,"Roulston T. H., Cane, J. H., & Buchmann, S. L. (2000). What governs protein content of pollen: pollinator preferences, pollen?pistil interactions, or phylogeny?. Ecological monographs, 70(4), 617-643."
125,Myrtaceae,Eucalyptus,longifolia,Eucalyptus longifolia,25.2,wild,NA,NA,NA,NA,NA,yes,"Somerville, D. C., & Nicol, H. I. (2006). Crude protein and amino acid composition of honey bee-collected pollen pellets from south-east Australia and a note on laboratory disparity. Australian Journal of Experimental Agriculture, 46(1), 141-149."
126,Myrtaceae,Eucalyptus,macrorhyncha,Eucalyptus macrorhyncha,24.9,wild,NA,NA,NA,NA,NA,yes,"Somerville, D. C., & Nicol, H. I. (2006). Crude protein and amino acid composition of honey bee-collected pollen pellets from south-east Australia and a note on laboratory disparity. Australian Journal of Experimental Agriculture, 46(1), 141-149."
127,Myrtaceae,Eucalyptus,macrorhyncha,Eucalyptus macrorhyncha,30,wild,NA,NA,NA,NA,NA,yes,"Somerville, D. C., & Nicol, H. I. (2006). Crude protein and amino acid composition of honey bee-collected pollen pellets from south-east Australia and a note on laboratory disparity. Australian Journal of Experimental Agriculture, 46(1), 141-149. (citing Rayer and Langridge 1985)"
128,Myrtaceae,Eucalyptus,macrorhyncha,Eucalyptus macrorhyncha,23.4,wild,NA,NA,NA,NA,NA,yes,"Somerville, D. C., & Nicol, H. I. (2006). Crude protein and amino acid composition of honey bee-collected pollen pellets from south-east Australia and a note on laboratory disparity. Australian Journal of Experimental Agriculture, 46(1), 141-149. (citing Muss 1987)"
129,Myrtaceae,Eucalyptus,macrorhyncha,Eucalyptus macrorhyncha,23.3,wild,NA,NA,NA,NA,NA,yes,"Somerville, D. C., & Nicol, H. I. (2006). Crude protein and amino acid composition of honey bee-collected pollen pellets from south-east Australia and a note on laboratory disparity. Australian Journal of Experimental Agriculture, 46(1), 141-149. (citing Stace 1996)"
130,Myrtaceae,Eucalyptus,mannifera,Eucalyptus mannifera,26.2,wild,NA,NA,NA,NA,NA,yes,"Somerville, D. C., & Nicol, H. I. (2006). Crude protein and amino acid composition of honey bee-collected pollen pellets from south-east Australia and a note on laboratory disparity. Australian Journal of Experimental Agriculture, 46(1), 141-149."
131,Myrtaceae,Eucalyptus,microcarpa,Eucalyptus microcarpa,23.6,wild,NA,NA,NA,NA,NA,yes,"Somerville, D. C., & Nicol, H. I. (2006). Crude protein and amino acid composition of honey bee-collected pollen pellets from south-east Australia and a note on laboratory disparity. Australian Journal of Experimental Agriculture, 46(1), 141-149."
132,Myrtaceae,Eucalyptus,microcarpa,Eucalyptus microcarpa,25,wild,NA,NA,NA,NA,NA,yes,"Somerville, D. C., & Nicol, H. I. (2006). Crude protein and amino acid composition of honey bee-collected pollen pellets from south-east Australia and a note on laboratory disparity. Australian Journal of Experimental Agriculture, 46(1), 141-149. ( (citing Kleinschmidt and Kondos 1976 mean of given values))"
133,Myrtaceae,Eucalyptus,microcarpa,Eucalyptus microcarpa,23.3,wild,NA,NA,NA,NA,NA,yes,"Somerville, D. C., & Nicol, H. I. (2006). Crude protein and amino acid composition of honey bee-collected pollen pellets from south-east Australia and a note on laboratory disparity. Australian Journal of Experimental Agriculture, 46(1), 141-149. (citing Rayer and Langridge 1985)"
134,Myrtaceae,Eucalyptus,microcarpa,Eucalyptus microcarpa,25,wild,NA,NA,NA,NA,NA,yes,"Somerville, D. C., & Nicol, H. I. (2006). Crude protein and amino acid composition of honey bee-collected pollen pellets from south-east Australia and a note on laboratory disparity. Australian Journal of Experimental Agriculture, 46(1), 141-149. (citing Muss 1987)"
135,Myrtaceae,Eucalyptus,polyanthemos,Eucalyptus polyanthemos,22.4,crop,NA,yes,NA,NA,NA,yes,"Somerville, D. C., & Nicol, H. I. (2006). Crude protein and amino acid composition of honey bee-collected pollen pellets from south-east Australia and a note on laboratory disparity. Australian Journal of Experimental Agriculture, 46(1), 141-149."
136,Myrtaceae,Eucalyptus,punctata,Eucalyptus punctata,27.3,wild,NA,NA,NA,NA,yes,yes,"Somerville, D. C., & Nicol, H. I. (2006). Crude protein and amino acid composition of honey bee-collected pollen pellets from south-east Australia and a note on laboratory disparity. Australian Journal of Experimental Agriculture, 46(1), 141-149."
137,Myrtaceae,Eucalyptus,robusta,Eucalyptus robusta,22.6,crop,yes,yes,yes,yes,yes,yes,"Somerville, D. C., & Nicol, H. I. (2006). Crude protein and amino acid composition of honey bee-collected pollen pellets from south-east Australia and a note on laboratory disparity. Australian Journal of Experimental Agriculture, 46(1), 141-149."
138,Myrtaceae,Eucalyptus,sclerophylla,Eucalyptus sclerophylla,29.7,wild,NA,NA,NA,NA,NA,yes,"Somerville, D. C., & Nicol, H. I. (2006). Crude protein and amino acid composition of honey bee-collected pollen pellets from south-east Australia and a note on laboratory disparity. Australian Journal of Experimental Agriculture, 46(1), 141-149."
139,Myrtaceae,Eucalyptus,socialis,Eucalyptus socialis,26.6,wild,NA,NA,NA,NA,NA,yes,"Somerville, D. C., & Nicol, H. I. (2006). Crude protein and amino acid composition of honey bee-collected pollen pellets from south-east Australia and a note on laboratory disparity. Australian Journal of Experimental Agriculture, 46(1), 141-149."
140,Myrtaceae,Eucalyptus,spp.,Eucalyptus spp.,23.8,wild,NA,NA,NA,NA,NA,NA,"Somerville, D. C., & Nicol, H. I. (2006). Crude protein and amino acid composition of honey bee-collected pollen pellets from south-east Australia and a note on laboratory disparity. Australian Journal of Experimental Agriculture, 46(1), 141-149."
141,Myrtaceae,Eucalyptus,viminalis,Eucalyptus viminalis,23.7,crop,NA,NA,NA,NA,NA,yes,"Somerville, D. C., & Nicol, H. I. (2006). Crude protein and amino acid composition of honey bee-collected pollen pellets from south-east Australia and a note on laboratory disparity. Australian Journal of Experimental Agriculture, 46(1), 141-149."
142,Myrtaceae,Eucalyptus,viminalis,Eucalyptus viminalis,21.3,crop,NA,NA,NA,NA,NA,yes,"Somerville, D. C., & Nicol, H. I. (2006). Crude protein and amino acid composition of honey bee-collected pollen pellets from south-east Australia and a note on laboratory disparity. Australian Journal of Experimental Agriculture, 46(1), 141-149. (citing Muss 1987)"
143,Myrtaceae,Eucaplyptus,saligna,Eucaplyptus saligna,27.6,wild,NA,NA,NA,NA,NA,yes,"Somerville, D. C., & Nicol, H. I. (2006). Crude protein and amino acid composition of honey bee-collected pollen pellets from south-east Australia and a note on laboratory disparity. Australian Journal of Experimental Agriculture, 46(1), 141-149."
144,Polygonaceae,Fagopyrum,esculentum,Fagopyrum esculentum,11.4,crop,yes,yes,yes,yes,yes,yes,"Somerville, D. C., & Nicol, H. I. (2006). Crude protein and amino acid composition of honey bee-collected pollen pellets from south-east Australia and a note on laboratory disparity. Australian Journal of Experimental Agriculture, 46(1), 141-149."
145,Polygonaceae,Fagopyrum,esculentum,Fagopyrum esculentum,16.3,crop,yes,yes,yes,yes,yes,yes,"Maurizio A & Schaper F (1994). Das Trachtpflanzenbuch. Ehrenwirth Verlag, M�nchen."
146,Fouquieriaceae,Fouquieria,splendens,Fouquieria splendens,46.9,wild,yes,yes,NA,NA,NA,NA,"Roulston T. H., Cane, J. H., & Buchmann, S. L. (2000). What governs protein content of pollen: pollinator preferences, pollen?pistil interactions, or phylogeny?. Ecological monographs, 70(4), 617-643."
147,Rosaceae,Fragaria,spp.,Fragaria spp.,21.6,crop,yes,yes,yes,yes,yes,yes,"Szcz�sna, T. (2006). Protein content and amino acid composition of bee-collected pollen from selected botanical origins. Journal of Apicultural Science, 50(2), 81-90."
148,Rosaceae,Fragaria,spp.,Fragaria spp.,21.8,crop,yes,yes,yes,yes,yes,yes,"Maurizio A & Schaper F (1994). Das Trachtpflanzenbuch. Ehrenwirth Verlag, M�nchen."
149,Oleaceae,Fraxinus,spp.,Fraxinus spp.,23.1,wild,yes,yes,yes,yes,yes,yes,"Maurizio A & Schaper F (1994). Das Trachtpflanzenbuch. Ehrenwirth Verlag, M�nchen."
150,Gelsemiaceae,Gelsemium,sempervirens,Gelsemium sempervirens,42.3,wild,NA,yes,NA,NA,yes,yes,"Roulston T. H., Cane, J. H., & Buchmann, S. L. (2000). What governs protein content of pollen: pollinator preferences, pollen?pistil interactions, or phylogeny?. Ecological monographs, 70(4), 617-643."
151,Rubiaceae,Genipa,americana,Genipa americana,40.8,crop,NA,yes,yes,NA,NA,NA,"Roulston T. H., Cane, J. H., & Buchmann, S. L. (2000). What governs protein content of pollen: pollinator preferences, pollen?pistil interactions, or phylogeny?. Ecological monographs, 70(4), 617-643."
152,Malvaceae,Gossypium,thurberi,Gossypium thurberi,21.1,wild,NA,yes,NA,NA,yes,yes,"Roulston T. H., Cane, J. H., & Buchmann, S. L. (2000). What governs protein content of pollen: pollinator preferences, pollen?pistil interactions, or phylogeny?. Ecological monographs, 70(4), 617-643."
153,Proteaceae,Hakea,sericea,Hakea sericea,18.4,wild,yes,NA,NA,yes,NA,yes,"Somerville, D. C., & Nicol, H. I. (2006). Crude protein and amino acid composition of honey bee-collected pollen pellets from south-east Australia and a note on laboratory disparity. Australian Journal of Experimental Agriculture, 46(1), 141-149."
154,Araliaceae,Hedera,helix,Hedera helix,28.1,wild,yes,yes,yes,yes,yes,yes,"Maurizio A & Schaper F (1994). Das Trachtpflanzenbuch. Ehrenwirth Verlag, M�nchen."
155,Araliaceae,Hedera,sp.,Hedera sp.,28,wild,yes,yes,yes,yes,yes,yes,"Odoux, J. F., Feuillet, D., Aupinel, P., Loublier, Y., Tasei, J. N., & Mateescu, C. (2012). Territorial biodiversity and consequences on physico-chemical characteristics of pollen collected by honey bee colonies. Apidologie, 43(5), 561-575."
156,Asteraceae,Helianthus,annuus,Helianthus annuus,30.6,crop,yes,yes,yes,yes,yes,yes,"Roulston T. H., Cane, J. H., & Buchmann, S. L. (2000). What governs protein content of pollen: pollinator preferences, pollen?pistil interactions, or phylogeny?. Ecological monographs, 70(4), 617-643."
157,Asteraceae,Helianthus,annuus,Helianthus annuus,13.4,crop,yes,yes,yes,yes,yes,yes,"Somerville, D. C., & Nicol, H. I. (2006). Crude protein and amino acid composition of honey bee-collected pollen pellets from south-east Australia and a note on laboratory disparity. Australian Journal of Experimental Agriculture, 46(1), 141-149."
158,Asteraceae,Helianthus,annuus,Helianthus annuus,18.5,crop,yes,yes,yes,yes,yes,yes,"Somerville, D. C., & Nicol, H. I. (2006). Crude protein and amino acid composition of honey bee-collected pollen pellets from south-east Australia and a note on laboratory disparity. Australian Journal of Experimental Agriculture, 46(1), 141-149. ( (citing Kleinschmidt and Kondos 1976 mean of given values))"
159,Asteraceae,Helianthus,annuus,Helianthus annuus,17.6,crop,yes,yes,yes,yes,yes,yes,"Somerville, D. C., & Nicol, H. I. (2006). Crude protein and amino acid composition of honey bee-collected pollen pellets from south-east Australia and a note on laboratory disparity. Australian Journal of Experimental Agriculture, 46(1), 141-149. (citing Rayer and Langridge 1985)"
160,Asteraceae,Helianthus,annuus,Helianthus annuus,15,crop,yes,yes,yes,yes,yes,yes,"Somerville, D. C., & Nicol, H. I. (2006). Crude protein and amino acid composition of honey bee-collected pollen pellets from south-east Australia and a note on laboratory disparity. Australian Journal of Experimental Agriculture, 46(1), 141-149. (citing Muss 1987)"
161,Asteraceae,Helianthus,anuus,Helianthus anuus,16.3,crop,yes,yes,yes,yes,yes,yes,"Requier, F., Odoux, J. F., Tamic, T., Moreau, N., Henry, M., Decourtye, A., & Bretagnolle, V. (2015). Honey bee diet in intensive farmland habitats reveals an unexpectedly high flower richness and a major role of weeds. Ecological Applications, 25(4), 881-890."
162,Asteraceae,Helianthus,spp.,Helianthus spp.,14.4,NA,NA,NA,NA,NA,NA,NA,"Tasei, J. N., & Aupinel, P. (2008). Nutritive value of 15 single pollens and pollen mixes tested on larvae produced by bumblebee workers (Bombus terrestris, Hymenoptera: Apidae). Apidologie, 39(4), 397-409."
163,Asteraceae,Helianthus,ssp.,Helianthus ssp.,15,NA,yes,NA,NA,NA,NA,NA,"Odoux, J. F., Feuillet, D., Aupinel, P., Loublier, Y., Tasei, J. N., & Mateescu, C. (2012). Territorial biodiversity and consequences on physico-chemical characteristics of pollen collected by honey bee colonies. Apidologie, 43(5), 561-575."
164,Malvaceae,Hibiscus,laevis,Hibiscus laevis,23.7,wild,NA,yes,NA,NA,NA,NA,"Roulston T. H., Cane, J. H., & Buchmann, S. L. (2000). What governs protein content of pollen: pollinator preferences, pollen?pistil interactions, or phylogeny?. Ecological monographs, 70(4), 617-643."
165,Hypericaceae,Hypericum,perforatum,Hypericum perforatum,30.3,weed,yes,yes,yes,yes,yes,yes,"Roulston T. H., Cane, J. H., & Buchmann, S. L. (2000). What governs protein content of pollen: pollinator preferences, pollen?pistil interactions, or phylogeny?. Ecological monographs, 70(4), 617-643."
166,Hypericaceae,Hypericum,spp.,Hypericum spp.,27,weed,yes,NA,NA,NA,NA,NA,"Maurizio A & Schaper F (1994). Das Trachtpflanzenbuch. Ehrenwirth Verlag, M�nchen."
167,Asteraceae,Hypochoeris,radicata,Hypochoeris radicata,15.9,weed,yes,yes,yes,yes,yes,yes,"Somerville, D. C., & Nicol, H. I. (2006). Crude protein and amino acid composition of honey bee-collected pollen pellets from south-east Australia and a note on laboratory disparity. Australian Journal of Experimental Agriculture, 46(1), 141-149."
168,Asteraceae,Hypochoeris,radicata,Hypochoeris radicata,18.4,weed,yes,yes,yes,yes,yes,yes,"Somerville, D. C., & Nicol, H. I. (2006). Crude protein and amino acid composition of honey bee-collected pollen pellets from south-east Australia and a note on laboratory disparity. Australian Journal of Experimental Agriculture, 46(1), 141-149. (citing Rayer and Langridge 1985)"
169,Asteraceae,Hypochoeris,radicata,Hypochoeris radicata,15.7,weed,yes,yes,yes,yes,yes,yes,"Somerville, D. C., & Nicol, H. I. (2006). Crude protein and amino acid composition of honey bee-collected pollen pellets from south-east Australia and a note on laboratory disparity. Australian Journal of Experimental Agriculture, 46(1), 141-149. (citing Muss 1987)"
170,Asteraceae,Hypochoeris,radicata,Hypochoeris radicata,16.2,weed,yes,yes,yes,yes,yes,yes,"Somerville, D. C., & Nicol, H. I. (2006). Crude protein and amino acid composition of honey bee-collected pollen pellets from south-east Australia and a note on laboratory disparity. Australian Journal of Experimental Agriculture, 46(1), 141-149. (citing Stace 1996)"
171,Convolvulaceae,Ipomoea,squamosa,Ipomoea squamosa,26.8,wild,NA,yes,yes,NA,NA,NA,"Roulston T. H., Cane, J. H., & Buchmann, S. L. (2000). What governs protein content of pollen: pollinator preferences, pollen?pistil interactions, or phylogeny?. Ecological monographs, 70(4), 617-643."
172,Convolvulaceae,Ipomoea,tiliacea,Ipomoea tiliacea,30.1,wild,NA,yes,yes,NA,NA,NA,"Roulston T. H., Cane, J. H., & Buchmann, S. L. (2000). What governs protein content of pollen: pollinator preferences, pollen?pistil interactions, or phylogeny?. Ecological monographs, 70(4), 617-643."
173,Amaranthaceae,Kali,tragus,Kali tragus,31.3,weed,yes,yes,NA,NA,yes,yes,"Roulston T. H., Cane, J. H., & Buchmann, S. L. (2000). What governs protein content of pollen: pollinator preferences, pollen?pistil interactions, or phylogeny?. Ecological monographs, 70(4), 617-643."
174,Zygophyllaceae,Larrea,tridentata,Larrea tridentata,45.4,wild,NA,yes,yes,NA,NA,NA,"Roulston T. H., Cane, J. H., & Buchmann, S. L. (2000). What governs protein content of pollen: pollinator preferences, pollen?pistil interactions, or phylogeny?. Ecological monographs, 70(4), 617-643."
175,Lamiaceae,Lavandula,sp.,Lavandula sp.,19.4,crop,yes,yes,yes,yes,yes,yes,"Somerville, D. C., & Nicol, H. I. (2006). Crude protein and amino acid composition of honey bee-collected pollen pellets from south-east Australia and a note on laboratory disparity. Australian Journal of Experimental Agriculture, 46(1), 141-149."
176,Asteraceae,Leucanthemum,vulgare,Leucanthemum vulgare,28,weed,yes,yes,yes,yes,yes,yes,"Roulston T. H., Cane, J. H., & Buchmann, S. L. (2000). What governs protein content of pollen: pollinator preferences, pollen?pistil interactions, or phylogeny?. Ecological monographs, 70(4), 617-643."
177,Campanulaceae,Lobelia,siphilitica,Lobelia siphilitica,47.9,wild,yes,yes,NA,NA,NA,NA,"Roulston T. H., Cane, J. H., & Buchmann, S. L. (2000). What governs protein content of pollen: pollinator preferences, pollen?pistil interactions, or phylogeny?. Ecological monographs, 70(4), 617-643."
178,Fabaceae,Lonchocarpus,oliganthus,Lonchocarpus oliganthus,48.1,wild,NA,NA,yes,NA,NA,NA,"Roulston T. H., Cane, J. H., & Buchmann, S. L. (2000). What governs protein content of pollen: pollinator preferences, pollen?pistil interactions, or phylogeny?. Ecological monographs, 70(4), 617-643."
179,Malvaceae,Luehea,seemanii,Luehea seemanii,42.5,wild,NA,NA,yes,NA,NA,NA,"Roulston T. H., Cane, J. H., & Buchmann, S. L. (2000). What governs protein content of pollen: pollinator preferences, pollen?pistil interactions, or phylogeny?. Ecological monographs, 70(4), 617-643."
180,Fabaceae,Lupinus,angustifolius,Lupinus angustifolius,34.2,crop,yes,yes,yes,yes,yes,yes,"Somerville, D. C., & Nicol, H. I. (2006). Crude protein and amino acid composition of honey bee-collected pollen pellets from south-east Australia and a note on laboratory disparity. Australian Journal of Experimental Agriculture, 46(1), 141-149."
181,Fabaceae,Lupinus,angustifolius,Lupinus angustifolius,32.6,crop,yes,yes,yes,yes,yes,yes,"Somerville, D. C., & Nicol, H. I. (2006). Crude protein and amino acid composition of honey bee-collected pollen pellets from south-east Australia and a note on laboratory disparity. Australian Journal of Experimental Agriculture, 46(1), 141-149. (citing Rayer and Langridge 1985)"
182,Fabaceae,Lupinus,angustifolius,Lupinus angustifolius,28,crop,yes,yes,yes,yes,yes,yes,"Somerville, D. C., & Nicol, H. I. (2006). Crude protein and amino acid composition of honey bee-collected pollen pellets from south-east Australia and a note on laboratory disparity. Australian Journal of Experimental Agriculture, 46(1), 141-149. (citing Muss 1987)"
183,Lamiaceae,Origanum,majorana,Majoranum sp.,18.6,crop,yes,yes,yes,NA,NA,yes,"Szcz�sna, T. (2006). Protein content and amino acid composition of bee-collected pollen from selected botanical origins. Journal of Apicultural Science, 50(2), 81-90."
184,Loasaceae,Mentzelia,pumila,Mentzelia pumila,39.7,wild,NA,yes,NA,NA,NA,NA,"Roulston T. H., Cane, J. H., & Buchmann, S. L. (2000). What governs protein content of pollen: pollinator preferences, pollen?pistil interactions, or phylogeny?. Ecological monographs, 70(4), 617-643."
185,Euphorbiaceae,Mercurialis,annua,Mercurialis annua,16.2,weed,yes,yes,yes,yes,yes,yes,"Requier, F., Odoux, J. F., Tamic, T., Moreau, N., Henry, M., Decourtye, A., & Bretagnolle, V. (2015). Honey bee diet in intensive farmland habitats reveals an unexpectedly high flower richness and a major role of weeds. Ecological Applications, 25(4), 881-890."
186,Melastomataceae,Miconia,argentea,Miconia argentea,52,wild,NA,yes,NA,NA,NA,NA,"Roulston T. H., Cane, J. H., & Buchmann, S. L. (2000). What governs protein content of pollen: pollinator preferences, pollen?pistil interactions, or phylogeny?. Ecological monographs, 70(4), 617-643."
187,Amaryllidaceae,Narcissus,poeticus,Narcissus poeticus,44.4,wild,yes,yes,NA,NA,NA,yes,"Roulston T. H., Cane, J. H., & Buchmann, S. L. (2000). What governs protein content of pollen: pollinator preferences, pollen?pistil interactions, or phylogeny?. Ecological monographs, 70(4), 617-643."
188,Nymphaceae,Nuphar,lutea,Nuphar lutea,41.1,wild,yes,yes,NA,NA,NA,NA,"Roulston T. H., Cane, J. H., & Buchmann, S. L. (2000). What governs protein content of pollen: pollinator preferences, pollen?pistil interactions, or phylogeny?. Ecological monographs, 70(4), 617-643."
189,Onagraceae,Oenothera,speciosa,Oenothera speciosa,26,wild,yes,yes,yes,NA,yes,yes,"Roulston T. H., Cane, J. H., & Buchmann, S. L. (2000). What governs protein content of pollen: pollinator preferences, pollen?pistil interactions, or phylogeny?. Ecological monographs, 70(4), 617-643."
190,Fabaceae,Olneya,tesota,Olneya tesota,44.4,wild,NA,yes,NA,NA,NA,NA,"Roulston T. H., Cane, J. H., & Buchmann, S. L. (2000). What governs protein content of pollen: pollinator preferences, pollen?pistil interactions, or phylogeny?. Ecological monographs, 70(4), 617-643."
191,Fabaceae,Onobrychis,viciifolia,Onobrychis viciifolia,32.3,wild,yes,yes,NA,NA,yes,yes,"Maurizio A & Schaper F (1994). Das Trachtpflanzenbuch. Ehrenwirth Verlag, M�nchen."
192,Cactaceae,Cylindropuntia,arbuscula,Opuntia arbuscula,28.8,wild,NA,yes,NA,NA,NA,NA,"Roulston T. H., Cane, J. H., & Buchmann, S. L. (2000). What governs protein content of pollen: pollinator preferences, pollen?pistil interactions, or phylogeny?. Ecological monographs, 70(4), 617-643."
193,Cactaceae,Cylindropuntia,ficus-indica,Opuntia ficus-indica,25.5,wild,NA,yes,NA,NA,NA,NA,"Roulston T. H., Cane, J. H., & Buchmann, S. L. (2000). What governs protein content of pollen: pollinator preferences, pollen?pistil interactions, or phylogeny?. Ecological monographs, 70(4), 617-643."
194,Cactaceae,Cylindropuntia,phaecantha,Opuntia phaecantha,22.2,wild,NA,yes,NA,NA,NA,NA,"Roulston T. H., Cane, J. H., & Buchmann, S. L. (2000). What governs protein content of pollen: pollinator preferences, pollen?pistil interactions, or phylogeny?. Ecological monographs, 70(4), 617-643."
195,Cactaceae,Cylindropuntia,santarita,Opuntia santarita,28.7,wild,NA,yes,NA,NA,NA,NA,"Roulston T. H., Cane, J. H., & Buchmann, S. L. (2000). What governs protein content of pollen: pollinator preferences, pollen?pistil interactions, or phylogeny?. Ecological monographs, 70(4), 617-643."
196,Cactaceae,Cylindropuntia,versicolor,Opuntia versicolor,28,wild,NA,yes,NA,NA,NA,NA,"Roulston T. H., Cane, J. H., & Buchmann, S. L. (2000). What governs protein content of pollen: pollinator preferences, pollen?pistil interactions, or phylogeny?. Ecological monographs, 70(4), 617-643."
197,Papaveraceae,Papaver,rhoeas,Papaver rhoeas,24.5,crop,yes,yes,yes,yes,yes,yes,"Requier, F., Odoux, J. F., Tamic, T., Moreau, N., Henry, M., Decourtye, A., & Bretagnolle, V. (2015). Honey bee diet in intensive farmland habitats reveals an unexpectedly high flower richness and a major role of weeds. Ecological Applications, 25(4), 881-890."
198,Papaveraceae,Papaver,sp.,Papaver sp.,25.8,crop,yes,yes,yes,yes,yes,yes,"Odoux, J. F., Feuillet, D., Aupinel, P., Loublier, Y., Tasei, J. N., & Mateescu, C. (2012). Territorial biodiversity and consequences on physico-chemical characteristics of pollen collected by honey bee colonies. Apidologie, 43(5), 561-575."
199,Papaveraceae,Papaver,spp.,Papaver spp.,24.9,NA,NA,NA,NA,NA,NA,NA,"Tasei, J. N., & Aupinel, P. (2008). Nutritive value of 15 single pollens and pollen mixes tested on larvae produced by bumblebee workers (Bombus terrestris, Hymenoptera: Apidae). Apidologie, 39(4), 397-409."
200,Fabaceae,Papilionaceae,spp.,Papilionaceae spp.,21.5,NA,NA,NA,NA,NA,NA,NA,"Somerville, D. C., & Nicol, H. I. (2006). Crude protein and amino acid composition of honey bee-collected pollen pellets from south-east Australia and a note on laboratory disparity. Australian Journal of Experimental Agriculture, 46(1), 141-149."
201,Fabaceae,Parkinsonia,aculeata,Parkinsonia aculeata,33.4,wild,yes,yes,yes,yes,yes,yes,"Roulston T. H., Cane, J. H., & Buchmann, S. L. (2000). What governs protein content of pollen: pollinator preferences, pollen?pistil interactions, or phylogeny?. Ecological monographs, 70(4), 617-643."
202,Fabaceae,Parkinsonia,microphylla,Parkinsonia microphylla,46.2,wild,NA,yes,yes,NA,NA,NA,"Roulston T. H., Cane, J. H., & Buchmann, S. L. (2000). What governs protein content of pollen: pollinator preferences, pollen?pistil interactions, or phylogeny?. Ecological monographs, 70(4), 617-643."
203,Poaceae,Paspalum,notatum,Paspalum notatum,28.2,weed,yes,yes,yes,yes,yes,yes,"Roulston T. H., Cane, J. H., & Buchmann, S. L. (2000). What governs protein content of pollen: pollinator preferences, pollen?pistil interactions, or phylogeny?. Ecological monographs, 70(4), 617-643."
204,Hydrophyllaceae,Phacelia,campanularia,Phacelia campanularia,59,wild,yes,yes,NA,NA,NA,NA,"Roulston T. H., Cane, J. H., & Buchmann, S. L. (2000). What governs protein content of pollen: pollinator preferences, pollen?pistil interactions, or phylogeny?. Ecological monographs, 70(4), 617-643."
205,Viscaceae,Phoradendron,califomicum,Phoradendron califomicum,32.3,wild,NA,yes,NA,NA,NA,NA,"Roulston T. H., Cane, J. H., & Buchmann, S. L. (2000). What governs protein content of pollen: pollinator preferences, pollen?pistil interactions, or phylogeny?. Ecological monographs, 70(4), 617-643."
206,Pinaceae,Pinaceae,spp.,Pinaceae spp.,10,NA,yes,NA,NA,NA,NA,NA,"Maurizio A & Schaper F (1994). Das Trachtpflanzenbuch. Ehrenwirth Verlag, M�nchen."
207,Plantaginaceae,Plantago,lanceolata,Plantago lanceolata,23.9,weed,yes,yes,yes,yes,yes,yes,"Roulston T. H., Cane, J. H., & Buchmann, S. L. (2000). What governs protein content of pollen: pollinator preferences, pollen?pistil interactions, or phylogeny?. Ecological monographs, 70(4), 617-643."
208,Plantaginaceae,Plantago,lanceolata,Plantago lanceolata,22.9,weed,yes,yes,yes,yes,yes,yes,"Roulston T. H., Cane, J. H., & Buchmann, S. L. (2000). What governs protein content of pollen: pollinator preferences, pollen?pistil interactions, or phylogeny?. Ecological monographs, 70(4), 617-643."
209,Salicaceae,Populus,tremula,Populus tremula,18.25,wild,yes,NA,NA,NA,NA,NA,"Maurizio A & Schaper F (1994). Das Trachtpflanzenbuch. Ehrenwirth Verlag, M�nchen."
210,Primulaceae,Primula,clevelandii,Primula clevelandii,61.7,weed,NA,yes,NA,NA,NA,NA,"Roulston T. H., Cane, J. H., & Buchmann, S. L. (2000). What governs protein content of pollen: pollinator preferences, pollen?pistil interactions, or phylogeny?. Ecological monographs, 70(4), 617-643."
211,Primulaceae,Primula,pulchella,Primula pulchella,47.5,weed,NA,yes,NA,NA,NA,NA,"Roulston T. H., Cane, J. H., & Buchmann, S. L. (2000). What governs protein content of pollen: pollinator preferences, pollen?pistil interactions, or phylogeny?. Ecological monographs, 70(4), 617-643."
212,Fabaceae,Prosopis,velutina,Prosopis velutina,39,weed,NA,yes,NA,yes,NA,yes,"Roulston T. H., Cane, J. H., & Buchmann, S. L. (2000). What governs protein content of pollen: pollinator preferences, pollen?pistil interactions, or phylogeny?. Ecological monographs, 70(4), 617-643."
213,Rosaceae,Prunus,amygdalus,Prunus amygdalus,25.1,crop,yes,yes,yes,NA,yes,yes,"Somerville, D. C., & Nicol, H. I. (2006). Crude protein and amino acid composition of honey bee-collected pollen pellets from south-east Australia and a note on laboratory disparity. Australian Journal of Experimental Agriculture, 46(1), 141-149."
214,Rosaceae,Prunus,amygdalus,Prunus amygdalus,30.7,crop,yes,yes,yes,NA,yes,yes,"Somerville, D. C., & Nicol, H. I. (2006). Crude protein and amino acid composition of honey bee-collected pollen pellets from south-east Australia and a note on laboratory disparity. Australian Journal of Experimental Agriculture, 46(1), 141-149. (citing Rayer and Langridge 1985)"
215,Rosaceae,Prunus,amygdalus,Prunus amygdalus,24.4,crop,yes,yes,yes,NA,yes,yes,"Somerville, D. C., & Nicol, H. I. (2006). Crude protein and amino acid composition of honey bee-collected pollen pellets from south-east Australia and a note on laboratory disparity. Australian Journal of Experimental Agriculture, 46(1), 141-149. (citing Muss 1987)"
216,Rosaceae,Prunus,communis,Prunus communis,43.6,crop,yes,yes,yes,yes,yes,yes,"Roulston T. H., Cane, J. H., & Buchmann, S. L. (2000). What governs protein content of pollen: pollinator preferences, pollen?pistil interactions, or phylogeny?. Ecological monographs, 70(4), 617-643."
217,Rosaceae,Prunus,padus,Prunus padus,28.5,crop,yes,yes,yes,NA,yes,yes,"Roulston T. H., Cane, J. H., & Buchmann, S. L. (2000). What governs protein content of pollen: pollinator preferences, pollen?pistil interactions, or phylogeny?. Ecological monographs, 70(4), 617-643."
218,Rosaceae,Prunus,persica,Prunus persica,38,crop,yes,yes,yes,yes,yes,yes,"Roulston T. H., Cane, J. H., & Buchmann, S. L. (2000). What governs protein content of pollen: pollinator preferences, pollen?pistil interactions, or phylogeny?. Ecological monographs, 70(4), 617-643."
219,Rosaceae,Prunus,spp.,Prunus spp.,29.4,NA,yes,NA,NA,NA,NA,NA,"Maurizio A & Schaper F (1994). Das Trachtpflanzenbuch. Ehrenwirth Verlag, M�nchen."
220,Fabaceae,Pueraria,montana,Pueraria montana,48.8,weed,yes,yes,yes,yes,yes,yes,"Roulston T. H., Cane, J. H., & Buchmann, S. L. (2000). What governs protein content of pollen: pollinator preferences, pollen?pistil interactions, or phylogeny?. Ecological monographs, 70(4), 617-643."
221,Rosaceae,Pyrus,communis,Pyrus communis,26.2,crop,yes,yes,yes,yes,yes,yes,"Somerville, D. C., & Nicol, H. I. (2006). Crude protein and amino acid composition of honey bee-collected pollen pellets from south-east Australia and a note on laboratory disparity. Australian Journal of Experimental Agriculture, 46(1), 141-149."
222,Fagaceae,Quercus,coccifera,Quercus coccifera,19,wild,yes,yes,NA,yes,yes,yes,"Maurizio A & Schaper F (1994). Das Trachtpflanzenbuch. Ehrenwirth Verlag, M�nchen."
223,Fagaceae,Quercus,ilex,Quercus ilex,19,wild,yes,yes,NA,NA,yes,yes,"Maurizio A & Schaper F (1994). Das Trachtpflanzenbuch. Ehrenwirth Verlag, M�nchen."
224,Ranunculaeceae,Ranunculus,spp.,Ranunculus spp.,17.8,NA,yes,NA,NA,NA,NA,NA,"Szcz�sna, T. (2006). Protein content and amino acid composition of bee-collected pollen from selected botanical origins. Journal of Apicultural Science, 50(2), 81-90."
225,Brassicaceae,Rapistrum,rugosum,Rapistrum rugosum,22.7,weed,yes,yes,yes,yes,yes,yes,"Somerville, D. C., & Nicol, H. I. (2006). Crude protein and amino acid composition of honey bee-collected pollen pellets from south-east Australia and a note on laboratory disparity. Australian Journal of Experimental Agriculture, 46(1), 141-149."
226,Brassicaceae,Rapistrum,rugosum,Rapistrum rugosum,27.1,weed,yes,yes,yes,yes,yes,yes,"Somerville, D. C., & Nicol, H. I. (2006). Crude protein and amino acid composition of honey bee-collected pollen pellets from south-east Australia and a note on laboratory disparity. Australian Journal of Experimental Agriculture, 46(1), 141-149. ( (citing Kleinschmidt and Kondos 1976 mean of given values))"
227,Brassicaceae,Rapistrum,rugosum,Rapistrum rugosum,24.9,weed,yes,yes,yes,yes,yes,yes,"Somerville, D. C., & Nicol, H. I. (2006). Crude protein and amino acid composition of honey bee-collected pollen pellets from south-east Australia and a note on laboratory disparity. Australian Journal of Experimental Agriculture, 46(1), 141-149. (citing Stace 1996)"
228,Resedaceae,Reseda,lutea,Reseda lutea,27.5,weed,yes,yes,yes,yes,yes,yes,"Requier, F., Odoux, J. F., Tamic, T., Moreau, N., Henry, M., Decourtye, A., & Bretagnolle, V. (2015). Honey bee diet in intensive farmland habitats reveals an unexpectedly high flower richness and a major role of weeds. Ecological Applications, 25(4), 881-890."
229,Melastomataceae,Rhexia,mariana,Rhexia mariana,60,wild,NA,yes,NA,NA,NA,NA,"Roulston T. H., Cane, J. H., & Buchmann, S. L. (2000). What governs protein content of pollen: pollinator preferences, pollen?pistil interactions, or phylogeny?. Ecological monographs, 70(4), 617-643."
230,Rosaceae,Rosa,pecosensis,Rosa pecosensis,44.5,wild,NA,yes,NA,NA,NA,NA,"Roulston T. H., Cane, J. H., & Buchmann, S. L. (2000). What governs protein content of pollen: pollinator preferences, pollen?pistil interactions, or phylogeny?. Ecological monographs, 70(4), 617-643."
231,Rosaceae,Rubus,sp.,Rubus sp.,25.1,crop,yes,NA,NA,NA,NA,NA,"Requier, F., Odoux, J. F., Tamic, T., Moreau, N., Henry, M., Decourtye, A., & Bretagnolle, V. (2015). Honey bee diet in intensive farmland habitats reveals an unexpectedly high flower richness and a major role of weeds. Ecological Applications, 25(4), 881-890."
232,Rosaceae,Rubus,spp.,Rubus spp.,22,crop,yes,NA,NA,NA,NA,NA,"Di Pasquale, G., Salignon, M., Le Conte, Y., Belzunces, L. P., Decourtye, A., Kretzschmar, A. & Alaux, C. (2013). Influence of pollen nutrition on honey bee health: do pollen quality and diversity matter?. PloS one, 8(8), e72016."
233,Rosaceae,Rubus,spp.,Rubus spp.,19.2,crop,NA,NA,NA,NA,NA,NA,"Tasei, J. N., & Aupinel, P. (2008). Nutritive value of 15 single pollens and pollen mixes tested on larvae produced by bumblebee workers (Bombus terrestris, Hymenoptera: Apidae). Apidologie, 39(4), 397-409."
234,Rosaceae,Rubus,spp.,Rubus spp.,28.8,crop,yes,NA,NA,NA,NA,NA,"Maurizio A & Schaper F (1994). Das Trachtpflanzenbuch. Ehrenwirth Verlag, M�nchen."
235,Polygonaceae,Rumex,spp.,Rumex spp.,13.1,NA,yes,NA,NA,NA,NA,NA,"Maurizio A & Schaper F (1994). Das Trachtpflanzenbuch. Ehrenwirth Verlag, M�nchen."
236,Salicaceae,Salix,caprea,Salix caprea,36.8,wild,yes,yes,yes,yes,yes,yes,"Roulston T. H., Cane, J. H., & Buchmann, S. L. (2000). What governs protein content of pollen: pollinator preferences, pollen?pistil interactions, or phylogeny?. Ecological monographs, 70(4), 617-643."
237,Salicaceae,Salix,discolor,Salix discolor,21.9,wild,yes,yes,NA,NA,NA,yes,"Somerville, D. C., & Nicol, H. I. (2006). Crude protein and amino acid composition of honey bee-collected pollen pellets from south-east Australia and a note on laboratory disparity. Australian Journal of Experimental Agriculture, 46(1), 141-149."
238,Salicaceae,Salix,fragilis,Salix fragilis,15,wild,yes,yes,yes,yes,yes,yes,"Somerville, D. C., & Nicol, H. I. (2006). Crude protein and amino acid composition of honey bee-collected pollen pellets from south-east Australia and a note on laboratory disparity. Australian Journal of Experimental Agriculture, 46(1), 141-149."
239,Salicaceae,Salix,repens,Salix repens,38.7,wild,yes,yes,NA,NA,yes,yes,"Roulston T. H., Cane, J. H., & Buchmann, S. L. (2000). What governs protein content of pollen: pollinator preferences, pollen?pistil interactions, or phylogeny?. Ecological monographs, 70(4), 617-643."
240,Salicaceae,Salix,spp.,Salix spp.,25,wild,yes,NA,NA,NA,NA,NA,"Maurizio A & Schaper F (1994). Das Trachtpflanzenbuch. Ehrenwirth Verlag, M�nchen."
241,Asteraceae,Senecio,madagascariensis,Senecio madagascariensis,12.4,weed,yes,yes,yes,yes,yes,yes,"Somerville, D. C., & Nicol, H. I. (2006). Crude protein and amino acid composition of honey bee-collected pollen pellets from south-east Australia and a note on laboratory disparity. Australian Journal of Experimental Agriculture, 46(1), 141-149."
242,Asteraceae,Senecio,madagascariensis,Senecio madagascariensis,14.1,weed,yes,yes,yes,yes,yes,yes,"Somerville, D. C., & Nicol, H. I. (2006). Crude protein and amino acid composition of honey bee-collected pollen pellets from south-east Australia and a note on laboratory disparity. Australian Journal of Experimental Agriculture, 46(1), 141-149. (citing Stace 1996)"
243,Fabaceae,Senna,covesii,Senna covesii,42.8,wild,NA,yes,NA,NA,NA,NA,"Roulston T. H., Cane, J. H., & Buchmann, S. L. (2000). What governs protein content of pollen: pollinator preferences, pollen?pistil interactions, or phylogeny?. Ecological monographs, 70(4), 617-643."
244,Fabaceae,Senna,fruticosa,Senna fruticosa,49.4,wild,NA,yes,NA,NA,NA,NA,"Roulston T. H., Cane, J. H., & Buchmann, S. L. (2000). What governs protein content of pollen: pollinator preferences, pollen?pistil interactions, or phylogeny?. Ecological monographs, 70(4), 617-643."
245,Fabaceae,Senna,obtusifolia,Senna obtusifolia,45.8,weed,yes,yes,yes,yes,yes,yes,"Roulston T. H., Cane, J. H., & Buchmann, S. L. (2000). What governs protein content of pollen: pollinator preferences, pollen?pistil interactions, or phylogeny?. Ecological monographs, 70(4), 617-643."
246,Fabaceae,Senna,occidentalis,Senna occidentalis,33.5,weed,yes,yes,yes,yes,yes,yes,"Roulston T. H., Cane, J. H., & Buchmann, S. L. (2000). What governs protein content of pollen: pollinator preferences, pollen?pistil interactions, or phylogeny?. Ecological monographs, 70(4), 617-643."
247,Fabaceae,Senna,reticulata,Senna reticulata,51.6,weed,NA,yes,yes,NA,NA,NA,"Roulston T. H., Cane, J. H., & Buchmann, S. L. (2000). What governs protein content of pollen: pollinator preferences, pollen?pistil interactions, or phylogeny?. Ecological monographs, 70(4), 617-643."
248,Malvaceae,Sidalcea,oregana,Sidalcea oregana,14.4,wild,NA,yes,NA,NA,NA,NA,"Roulston T. H., Cane, J. H., & Buchmann, S. L. (2000). What governs protein content of pollen: pollinator preferences, pollen?pistil interactions, or phylogeny?. Ecological monographs, 70(4), 617-643."
249,Brassicaceae,Sinapis,alba,Sinapis alba,24.5,crop,yes,yes,yes,yes,yes,yes,"Szcz�sna, T. (2006). Protein content and amino acid composition of bee-collected pollen from selected botanical origins. Journal of Apicultural Science, 50(2), 81-90."
250,Brassicaceae,Sinapis,arvensis,Sinapis arvensis,33.8,weed,NA,yes,NA,NA,NA,NA,"Roulston T. H., Cane, J. H., & Buchmann, S. L. (2000). What governs protein content of pollen: pollinator preferences, pollen?pistil interactions, or phylogeny?. Ecological monographs, 70(4), 617-643."
251,Brassicaceae,Sinapis,arvensis,Sinapis arvensis,23.5,weed,yes,NA,NA,NA,NA,NA,"Szcz�sna, T. (2006). Protein content and amino acid composition of bee-collected pollen from selected botanical origins. Journal of Apicultural Science, 50(2), 81-90."
252,Brassicaceae,Sinapis,sp.,Sinapis sp.,23.3,NA,yes,NA,NA,NA,NA,NA,"Requier, F., Odoux, J. F., Tamic, T., Moreau, N., Henry, M., Decourtye, A., & Bretagnolle, V. (2015). Honey bee diet in intensive farmland habitats reveals an unexpectedly high flower richness and a major role of weeds. Ecological Applications, 25(4), 881-890."
253,Brassicaceae,Sinapis,sp.,Sinapis sp.,27,NA,yes,NA,NA,NA,NA,NA,"Odoux, J. F., Feuillet, D., Aupinel, P., Loublier, Y., Tasei, J. N., & Mateescu, C. (2012). Territorial biodiversity and consequences on physico-chemical characteristics of pollen collected by honey bee colonies. Apidologie, 43(5), 561-575."
254,Brassicaceae,Sisymbrium,officinale,Sisymbrium officinale,22.2,weed,yes,yes,yes,yes,yes,yes,"Somerville, D. C., & Nicol, H. I. (2006). Crude protein and amino acid composition of honey bee-collected pollen pellets from south-east Australia and a note on laboratory disparity. Australian Journal of Experimental Agriculture, 46(1), 141-149."
255,Solanaceae,Solanum,americanum,Solanum americanum,49,weed,yes,yes,yes,yes,yes,yes,"Roulston T. H., Cane, J. H., & Buchmann, S. L. (2000). What governs protein content of pollen: pollinator preferences, pollen?pistil interactions, or phylogeny?. Ecological monographs, 70(4), 617-643."
256,Solanaceae,Solanum,appendiculatum,Solanum appendiculatum,46.2,wild,yes,yes,yes,NA,yes,NA,"Roulston T. H., Cane, J. H., & Buchmann, S. L. (2000). What governs protein content of pollen: pollinator preferences, pollen?pistil interactions, or phylogeny?. Ecological monographs, 70(4), 617-643."
257,Solanaceae,Solanum,atropurpureum,Solanum atropurpureum,40.8,wild,yes,yes,yes,NA,NA,NA,"Roulston T. H., Cane, J. H., & Buchmann, S. L. (2000). What governs protein content of pollen: pollinator preferences, pollen?pistil interactions, or phylogeny?. Ecological monographs, 70(4), 617-643."
258,Solanaceae,Solanum,aviculare,Solanum aviculare,40.1,wild,NA,yes,NA,NA,NA,yes,"Roulston T. H., Cane, J. H., & Buchmann, S. L. (2000). What governs protein content of pollen: pollinator preferences, pollen?pistil interactions, or phylogeny?. Ecological monographs, 70(4), 617-643."
259,Solanaceae,Solanum,basendopogon,Solanum basendopogon,40.4,wild,NA,yes,yes,NA,NA,NA,"Roulston T. H., Cane, J. H., & Buchmann, S. L. (2000). What governs protein content of pollen: pollinator preferences, pollen?pistil interactions, or phylogeny?. Ecological monographs, 70(4), 617-643."
260,Solanaceae,Solanum,carpiense,Solanum caripense,50.8,crop,NA,yes,yes,NA,NA,NA,"Roulston T. H., Cane, J. H., & Buchmann, S. L. (2000). What governs protein content of pollen: pollinator preferences, pollen?pistil interactions, or phylogeny?. Ecological monographs, 70(4), 617-643."
261,Solanaceae,Solanum,citrullifolium,Solanum citrullifolium,52,wild,yes,yes,NA,NA,NA,NA,"Roulston T. H., Cane, J. H., & Buchmann, S. L. (2000). What governs protein content of pollen: pollinator preferences, pollen?pistil interactions, or phylogeny?. Ecological monographs, 70(4), 617-643."
262,Solanaceae,Solanum,douglasii,Solanum douglassii,53.4,wild,NA,yes,NA,NA,NA,NA,"Roulston T. H., Cane, J. H., & Buchmann, S. L. (2000). What governs protein content of pollen: pollinator preferences, pollen?pistil interactions, or phylogeny?. Ecological monographs, 70(4), 617-643."
263,Solanaceae,Solanum,dulcamara,Solanum dulcamara,51.4,weed,yes,yes,yes,yes,yes,yes,"Roulston T. H., Cane, J. H., & Buchmann, S. L. (2000). What governs protein content of pollen: pollinator preferences, pollen?pistil interactions, or phylogeny?. Ecological monographs, 70(4), 617-643."
264,Solanaceae,Solanum,elaeagnifolium,Solanum elaeagnifolium,39.2,weed,yes,yes,yes,yes,yes,yes,"Roulston T. H., Cane, J. H., & Buchmann, S. L. (2000). What governs protein content of pollen: pollinator preferences, pollen?pistil interactions, or phylogeny?. Ecological monographs, 70(4), 617-643."
265,Solanaceae,Solanum,hayesii,Solanum hayesii,50.9,wild,NA,yes,NA,NA,NA,NA,"Roulston T. H., Cane, J. H., & Buchmann, S. L. (2000). What governs protein content of pollen: pollinator preferences, pollen?pistil interactions, or phylogeny?. Ecological monographs, 70(4), 617-643."
266,Solanaceae,Solanum,lanceifolium,Solanum lanceifolium,46.7,weed,NA,yes,yes,NA,yes,NA,"Roulston T. H., Cane, J. H., & Buchmann, S. L. (2000). What governs protein content of pollen: pollinator preferences, pollen?pistil interactions, or phylogeny?. Ecological monographs, 70(4), 617-643."
267,Solanaceae,Solanum,lycopersicum,Solanum lycopersicum,54.9,crop,yes,yes,yes,yes,yes,yes,"Roulston T. H., Cane, J. H., & Buchmann, S. L. (2000). What governs protein content of pollen: pollinator preferences, pollen?pistil interactions, or phylogeny?. Ecological monographs, 70(4), 617-643."
268,Solanaceae,Solanum,melongena,Solanum melongena,45.7,crop,yes,yes,yes,yes,yes,yes,"Roulston T. H., Cane, J. H., & Buchmann, S. L. (2000). What governs protein content of pollen: pollinator preferences, pollen?pistil interactions, or phylogeny?. Ecological monographs, 70(4), 617-643."
269,Solanaceae,Solanum,muricatum,Solanum muricatum,39.9,crop,NA,yes,yes,yes,NA,yes,"Roulston T. H., Cane, J. H., & Buchmann, S. L. (2000). What governs protein content of pollen: pollinator preferences, pollen?pistil interactions, or phylogeny?. Ecological monographs, 70(4), 617-643."
270,Solanaceae,Solanum,pyracanthum,Solanum pyracanthum,50.8,wild,NA,NA,NA,yes,NA,NA,"Roulston T. H., Cane, J. H., & Buchmann, S. L. (2000). What governs protein content of pollen: pollinator preferences, pollen?pistil interactions, or phylogeny?. Ecological monographs, 70(4), 617-643."
271,Solanaceae,Solanum,sisymbriifolium,Solanum sisymbriifolium,46.6,weed,yes,yes,yes,yes,yes,yes,"Roulston T. H., Cane, J. H., & Buchmann, S. L. (2000). What governs protein content of pollen: pollinator preferences, pollen?pistil interactions, or phylogeny?. Ecological monographs, 70(4), 617-643."
272,Solanaceae,Solanum,tabanoense,Solanum tabanoense,34.1,wild,NA,yes,yes,NA,NA,NA,"Roulston T. H., Cane, J. H., & Buchmann, S. L. (2000). What governs protein content of pollen: pollinator preferences, pollen?pistil interactions, or phylogeny?. Ecological monographs, 70(4), 617-643."
273,Solanaceae,Solanum,xanti,Solanum xanti,53,wild,NA,yes,NA,NA,NA,NA,"Roulston T. H., Cane, J. H., & Buchmann, S. L. (2000). What governs protein content of pollen: pollinator preferences, pollen?pistil interactions, or phylogeny?. Ecological monographs, 70(4), 617-643."
274,Solanaceae,Sorghum,bicolor,Sorghum bicolor,18.4,crop,yes,yes,yes,yes,yes,yes,"Odoux, J. F., Feuillet, D., Aupinel, P., Loublier, Y., Tasei, J. N., & Mateescu, C. (2012). Territorial biodiversity and consequences on physico-chemical characteristics of pollen collected by honey bee colonies. Apidologie, 43(5), 561-575."
275,Malvaceae,Sphaeralcea,ambigua,Sphaeralcea ambigua,29.4,wild,NA,yes,NA,NA,NA,NA,"Roulston T. H., Cane, J. H., & Buchmann, S. L. (2000). What governs protein content of pollen: pollinator preferences, pollen?pistil interactions, or phylogeny?. Ecological monographs, 70(4), 617-643."
276,Anacardiaceae,Spondias,mombin,Spondias mombin,30.2,crop,NA,yes,yes,yes,yes,yes,"Roulston T. H., Cane, J. H., & Buchmann, S. L. (2000). What governs protein content of pollen: pollinator preferences, pollen?pistil interactions, or phylogeny?. Ecological monographs, 70(4), 617-643."
277,Malpighiaceae,Stigmaphyllon,ellipticum,Stigmaphyllon ellipticum,42.1,wild,NA,yes,yes,NA,NA,NA,"Roulston T. H., Cane, J. H., & Buchmann, S. L. (2000). What governs protein content of pollen: pollinator preferences, pollen?pistil interactions, or phylogeny?. Ecological monographs, 70(4), 617-643."
278,Fabaceae,Swainsona,formosa,Swainsona formosa,57.4,wild,NA,yes,yes,NA,yes,NA,"Roulston T. H., Cane, J. H., & Buchmann, S. L. (2000). What governs protein content of pollen: pollinator preferences, pollen?pistil interactions, or phylogeny?. Ecological monographs, 70(4), 617-643."
279,Oleaceae,Syringa,spp.,Syringa spp.,21.5,NA,yes,NA,NA,NA,NA,NA,"Szcz�sna, T. (2006). Protein content and amino acid composition of bee-collected pollen from selected botanical origins. Journal of Apicultural Science, 50(2), 81-90."
280,Bignoniaceae,Tabebuia,chrysantha,Tabebuia chrysantha,43.9,wild,NA,yes,yes,NA,yes,yes,"Roulston T. H., Cane, J. H., & Buchmann, S. L. (2000). What governs protein content of pollen: pollinator preferences, pollen?pistil interactions, or phylogeny?. Ecological monographs, 70(4), 617-643."
281,Bignoniaceae,Tabebuia,rosea,Tabebuia rosea,40.1,wild,NA,yes,yes,yes,NA,yes,"Roulston T. H., Cane, J. H., & Buchmann, S. L. (2000). What governs protein content of pollen: pollinator preferences, pollen?pistil interactions, or phylogeny?. Ecological monographs, 70(4), 617-643."
282,Apocynaceae,Tabernaemontana,grandifiora,Tabernaemontana grandiflora,41.1,wild,NA,yes,yes,NA,NA,NA,"Roulston T. H., Cane, J. H., & Buchmann, S. L. (2000). What governs protein content of pollen: pollinator preferences, pollen?pistil interactions, or phylogeny?. Ecological monographs, 70(4), 617-643."
283,Asteraceae,Taraxacum,officinale,Taraxacum officinale,16.6,weed,yes,yes,yes,yes,yes,yes,"Maurizio A & Schaper F (1994). Das Trachtpflanzenbuch. Ehrenwirth Verlag, M�nchen."
284,Apocynaceae,Thevetia,ahouai,Thevetia ahouai,28.6,wild,NA,yes,yes,NA,NA,NA,"Roulston T. H., Cane, J. H., & Buchmann, S. L. (2000). What governs protein content of pollen: pollinator preferences, pollen?pistil interactions, or phylogeny?. Ecological monographs, 70(4), 617-643."
285,Melastomataceae,Tococa,sp.,Tococa sp.,37.6,NA,NA,yes,NA,NA,NA,NA,"Roulston T. H., Cane, J. H., & Buchmann, S. L. (2000). What governs protein content of pollen: pollinator preferences, pollen?pistil interactions, or phylogeny?. Ecological monographs, 70(4), 617-643."
286,Fabaceae,Trifolium,hybridum,Trifolium hybridum,13.7,crop,yes,yes,yes,yes,yes,yes,"Roulston T. H., Cane, J. H., & Buchmann, S. L. (2000). What governs protein content of pollen: pollinator preferences, pollen?pistil interactions, or phylogeny?. Ecological monographs, 70(4), 617-643."
287,Fabaceae,Trifolium,incarnatum,Trifolium incarnatum,32.3,crop,yes,yes,yes,yes,yes,yes,"Maurizio A & Schaper F (1994). Das Trachtpflanzenbuch. Ehrenwirth Verlag, M�nchen."
288,Fabaceae,Trifolium,michelianum,Trifolium michelianum,25.3,crop,yes,NA,NA,NA,yes,yes,"Somerville, D. C., & Nicol, H. I. (2006). Crude protein and amino acid composition of honey bee-collected pollen pellets from south-east Australia and a note on laboratory disparity. Australian Journal of Experimental Agriculture, 46(1), 141-149."
289,Fabaceae,Trifolium,pratense,Trifolium pratense,32.2,crop,yes,yes,yes,yes,yes,yes,"Roulston T. H., Cane, J. H., & Buchmann, S. L. (2000). What governs protein content of pollen: pollinator preferences, pollen?pistil interactions, or phylogeny?. Ecological monographs, 70(4), 617-643."
290,Fabaceae,Trifolium,pratense,Trifolium pratense,28.2,crop,yes,yes,yes,yes,yes,yes,"Requier, F., Odoux, J. F., Tamic, T., Moreau, N., Henry, M., Decourtye, A., & Bretagnolle, V. (2015). Honey bee diet in intensive farmland habitats reveals an unexpectedly high flower richness and a major role of weeds. Ecological Applications, 25(4), 881-890."
291,Fabaceae,Trifolium,repens,Trifolium repens,35.4,crop,yes,yes,yes,yes,yes,yes,"Roulston T. H., Cane, J. H., & Buchmann, S. L. (2000). What governs protein content of pollen: pollinator preferences, pollen?pistil interactions, or phylogeny?. Ecological monographs, 70(4), 617-643."
292,Fabaceae,Trifolium,repens,Trifolium repens,24.7,crop,yes,yes,yes,yes,yes,yes,"Somerville, D. C., & Nicol, H. I. (2006). Crude protein and amino acid composition of honey bee-collected pollen pellets from south-east Australia and a note on laboratory disparity. Australian Journal of Experimental Agriculture, 46(1), 141-149. (citing Rayer and Langridge 1985)"
293,Fabaceae,Trifolium,repens,Trifolium repens,25.4,crop,yes,yes,yes,yes,yes,yes,"Somerville, D. C., & Nicol, H. I. (2006). Crude protein and amino acid composition of honey bee-collected pollen pellets from south-east Australia and a note on laboratory disparity. Australian Journal of Experimental Agriculture, 46(1), 141-149. (citing Muss 1987)"
294,Fabaceae,Trifolium,repens,Trifolium repens,23.7,crop,yes,yes,yes,yes,yes,yes,"Somerville, D. C., & Nicol, H. I. (2006). Crude protein and amino acid composition of honey bee-collected pollen pellets from south-east Australia and a note on laboratory disparity. Australian Journal of Experimental Agriculture, 46(1), 141-149. (citing Stace 1996)"
295,Fabaceae,Trifolium,repens,Trifolium repens,25.9,crop,yes,yes,yes,yes,yes,yes,"Somerville, D. C., & Nicol, H. I. (2006). Crude protein and amino acid composition of honey bee-collected pollen pellets from south-east Australia and a note on laboratory disparity. Australian Journal of Experimental Agriculture, 46(1), 141-149."
296,Fabaceae,Trifolium,repens,Trifolium repens,28.1,crop,yes,yes,yes,yes,yes,yes,"Maurizio A & Schaper F (1994). Das Trachtpflanzenbuch. Ehrenwirth Verlag, M�nchen."
297,Fabaceae,Trifolium,sp.,Trifolium sp.,31.1,crop,NA,yes,NA,NA,NA,NA,"Roulston T. H., Cane, J. H., & Buchmann, S. L. (2000). What governs protein content of pollen: pollinator preferences, pollen?pistil interactions, or phylogeny?. Ecological monographs, 70(4), 617-643."
298,Fabaceae,Trifolium,sp.,Trifolium sp.,29.2,crop,yes,NA,NA,NA,NA,NA,"Requier, F., Odoux, J. F., Tamic, T., Moreau, N., Henry, M., Decourtye, A., & Bretagnolle, V. (2015). Honey bee diet in intensive farmland habitats reveals an unexpectedly high flower richness and a major role of weeds. Ecological Applications, 25(4), 881-890."
299,Fabaceae,Ulex,europaeus,Ulex europaeus,28.4,weed,yes,yes,yes,yes,yes,yes,"Somerville, D. C., & Nicol, H. I. (2006). Crude protein and amino acid composition of honey bee-collected pollen pellets from south-east Australia and a note on laboratory disparity. Australian Journal of Experimental Agriculture, 46(1), 141-149."
300,Fabaceae,Ulex,europaeus,Ulex europaeus,16.5,weed,yes,yes,yes,yes,yes,yes,"Somerville, D. C., & Nicol, H. I. (2006). Crude protein and amino acid composition of honey bee-collected pollen pellets from south-east Australia and a note on laboratory disparity. Australian Journal of Experimental Agriculture, 46(1), 141-149. (citing Muss 1987)"
301,Ericaceae,Vaccinium,ashei,Vaccinium ashei,43,crop,NA,yes,NA,NA,NA,NA,"Roulston T. H., Cane, J. H., & Buchmann, S. L. (2000). What governs protein content of pollen: pollinator preferences, pollen?pistil interactions, or phylogeny?. Ecological monographs, 70(4), 617-643."
302,Ericaceae,Vaccinium,spp.,Vaccinium spp.,13.9,NA,NA,NA,NA,NA,NA,yes,"Somerville, D. C., & Nicol, H. I. (2006). Crude protein and amino acid composition of honey bee-collected pollen pellets from south-east Australia and a note on laboratory disparity. Australian Journal of Experimental Agriculture, 46(1), 141-149."
303,Fabaceae,Vicia,faba,Vicia faba,32.3,crop,yes,yes,yes,yes,yes,yes,"Maurizio A & Schaper F (1994). Das Trachtpflanzenbuch. Ehrenwirth Verlag, M�nchen."
304,Fabaceae,Vicia,faba,Vicia faba,24.4,crop,yes,yes,yes,yes,yes,yes,"Somerville, D. C., & Nicol, H. I. (2006). Crude protein and amino acid composition of honey bee-collected pollen pellets from south-east Australia and a note on laboratory disparity. Australian Journal of Experimental Agriculture, 46(1), 141-149."
305,Fabaceae,Vicia,faba,Vicia faba,23.2,crop,yes,yes,yes,yes,yes,yes,"Somerville, D. C., & Nicol, H. I. (2006). Crude protein and amino acid composition of honey bee-collected pollen pellets from south-east Australia and a note on laboratory disparity. Australian Journal of Experimental Agriculture, 46(1), 141-149. (citing Stace 1996)"
306,Fabaceae,Vicia,grandifiora,Vicia grandiflora,42.8,wild,yes,yes,NA,NA,yes,NA,"Roulston T. H., Cane, J. H., & Buchmann, S. L. (2000). What governs protein content of pollen: pollinator preferences, pollen?pistil interactions, or phylogeny?. Ecological monographs, 70(4), 617-643."
307,Fabaceae,Vicia,sativa,Vicia sativa,24.4,weed,yes,yes,yes,yes,yes,yes,"Somerville, D. C., & Nicol, H. I. (2006). Crude protein and amino acid composition of honey bee-collected pollen pellets from south-east Australia and a note on laboratory disparity. Australian Journal of Experimental Agriculture, 46(1), 141-149."
308,Sesiidae,Vitacea,spp.,Vitacea spp.,24.5,NA,yes,NA,NA,NA,NA,NA,"Maurizio A & Schaper F (1994). Das Trachtpflanzenbuch. Ehrenwirth Verlag, M�nchen."
309,Poaceae,Zea,mays,Zea mays,23.9,crop,yes,yes,yes,yes,yes,yes,"Roulston T. H., Cane, J. H., & Buchmann, S. L. (2000). What governs protein content of pollen: pollinator preferences, pollen?pistil interactions, or phylogeny?. Ecological monographs, 70(4), 617-643."
310,Poaceae,Zea,mays,Zea mays,23.9,crop,yes,yes,yes,yes,yes,yes,"Roulston T. H., Cane, J. H., & Buchmann, S. L. (2000). What governs protein content of pollen: pollinator preferences, pollen?pistil interactions, or phylogeny?. Ecological monographs, 70(4), 617-643."
311,Poaceae,Zea,mays,Zea mays,14.9,crop,yes,yes,yes,yes,yes,yes,"Somerville, D. C., & Nicol, H. I. (2006). Crude protein and amino acid composition of honey bee-collected pollen pellets from south-east Australia and a note on laboratory disparity. Australian Journal of Experimental Agriculture, 46(1), 141-149."
312,Poaceae,Zea,mays,Zea mays,14.5,crop,yes,yes,yes,yes,yes,yes,"Somerville, D. C., & Nicol, H. I. (2006). Crude protein and amino acid composition of honey bee-collected pollen pellets from south-east Australia and a note on laboratory disparity. Australian Journal of Experimental Agriculture, 46(1), 141-149. (citing Stace 1996)"
313,Poaceae,Zea,mays,Zea mays,17,crop,yes,yes,yes,yes,yes,yes,"Maurizio A & Schaper F (1994). Das Trachtpflanzenbuch. Ehrenwirth Verlag, M�nchen."
314,Poaceae,Zea,mays,Zea mays,15.6,crop,yes,yes,yes,yes,yes,yes,"Requier, F., Odoux, J. F., Tamic, T., Moreau, N., Henry, M., Decourtye, A., & Bretagnolle, V. (2015). Honey bee diet in intensive farmland habitats reveals an unexpectedly high flower richness and a major role of weeds. Ecological Applications, 25(4), 881-890."
315,Poaceae,Zea,mays,Zea mays,15.7,crop,yes,yes,yes,yes,yes,yes,"Odoux, J. F., Feuillet, D., Aupinel, P., Loublier, Y., Tasei, J. N., & Mateescu, C. (2012). Territorial biodiversity and consequences on physico-chemical characteristics of pollen collected by honey bee colonies. Apidologie, 43(5), 561-575."
316,Poaceae,Zea,mays,Zea mays,16.7,crop,yes,yes,yes,yes,yes,yes,"Odoux, J. F., Feuillet, D., Aupinel, P., Loublier, Y., Tasei, J. N., & Mateescu, C. (2012). Territorial biodiversity and consequences on physico-chemical characteristics of pollen collected by honey bee colonies. Apidologie, 43(5), 561-575."