"","site_name","metric","value","year","julian_date"
"1","ED","iji",52.9378886540579,NA,NA
"2","HR","iji",67.7406575020193,NA,NA
"3","NR","iji",59.7562477971803,NA,NA
"4","PM","iji",56.9259389768084,NA,NA
"5","SD","iji",64.9228814213678,NA,NA
"6","W","iji",61.6927565975347,NA,NA
"7","ED","floweringpercent",36.6789961254717,2022,129
"8","ED","floweringpercent",36.6789961254717,2022,130
"9","ED","floweringpercent",36.6789961254717,2022,131
"10","ED","floweringpercent",36.6789961254717,2022,132
"11","ED","floweringpercent",36.6789961254717,2022,133
"12","ED","floweringpercent",36.6789961254717,2022,134
"13","ED","floweringpercent",36.6789961254717,2022,135
"14","ED","floweringpercent",36.6789961254717,2022,136
"15","ED","floweringpercent",36.6789961254717,2022,137
"16","ED","floweringpercent",36.6789961254717,2022,138
"17","ED","floweringpercent",36.6789961254717,2022,139
"18","ED","floweringpercent",36.6789961254717,2022,140
"19","ED","floweringpercent",36.6789961254717,2022,141
"20","ED","floweringpercent",36.6789961254717,2022,142
"21","ED","floweringpercent",36.6789961254717,2022,143
"22","ED","floweringpercent",36.6789961254717,2022,144
"23","ED","floweringpercent",36.6789961254717,2022,145
"24","ED","floweringpercent",36.6789961254717,2022,146
"25","ED","floweringpercent",36.6789961254717,2022,147
"26","ED","floweringpercent",36.6789961254717,2022,148
"27","ED","floweringpercent",36.6789961254717,2022,149
"28","ED","floweringpercent",36.6789961254717,2022,150
"29","ED","floweringpercent",36.6789961254717,2022,151
"30","HR","floweringpercent",53.1723079169244,2022,129
"31","HR","floweringpercent",53.1723079169244,2022,130
"32","HR","floweringpercent",53.1723079169244,2022,131
"33","HR","floweringpercent",53.1723079169244,2022,132
"34","HR","floweringpercent",53.1723079169244,2022,133
"35","HR","floweringpercent",53.1723079169244,2022,134
"36","HR","floweringpercent",53.1723079169244,2022,135
"37","HR","floweringpercent",53.1723079169244,2022,136
"38","HR","floweringpercent",53.1723079169244,2022,137
"39","HR","floweringpercent",53.1723079169244,2022,138
"40","HR","floweringpercent",53.1723079169244,2022,139
"41","HR","floweringpercent",53.1723079169244,2022,140
"42","HR","floweringpercent",53.1723079169244,2022,141
"43","HR","floweringpercent",53.1723079169244,2022,142
"44","HR","floweringpercent",53.1723079169244,2022,143
"45","HR","floweringpercent",53.1723079169244,2022,144
"46","HR","floweringpercent",53.1723079169244,2022,145
"47","HR","floweringpercent",53.1723079169244,2022,146
"48","HR","floweringpercent",53.1723079169244,2022,147
"49","HR","floweringpercent",53.1723079169244,2022,148
"50","HR","floweringpercent",53.1723079169244,2022,149
"51","HR","floweringpercent",53.1723079169244,2022,150
"52","HR","floweringpercent",53.1723079169244,2022,151
"53","NR","floweringpercent",58.6401885009132,2022,129
"54","NR","floweringpercent",58.6401885009132,2022,130
"55","NR","floweringpercent",58.6401885009132,2022,131
"56","NR","floweringpercent",58.6401885009132,2022,132
"57","NR","floweringpercent",58.6401885009132,2022,133
"58","NR","floweringpercent",58.6401885009132,2022,134
"59","NR","floweringpercent",58.6401885009132,2022,135
"60","NR","floweringpercent",58.6401885009132,2022,136
"61","NR","floweringpercent",58.6401885009132,2022,137
"62","NR","floweringpercent",58.6401885009132,2022,138
"63","NR","floweringpercent",58.6401885009132,2022,139
"64","NR","floweringpercent",58.6401885009132,2022,140
"65","NR","floweringpercent",58.6401885009132,2022,141
"66","NR","floweringpercent",58.6401885009132,2022,142
"67","NR","floweringpercent",58.6401885009132,2022,143
"68","NR","floweringpercent",58.6401885009132,2022,144
"69","NR","floweringpercent",58.6401885009132,2022,145
"70","NR","floweringpercent",58.6401885009132,2022,146
"71","NR","floweringpercent",58.6401885009132,2022,147
"72","NR","floweringpercent",58.6401885009132,2022,148
"73","NR","floweringpercent",58.6401885009132,2022,149
"74","NR","floweringpercent",58.6401885009132,2022,150
"75","NR","floweringpercent",58.6401885009132,2022,151
"76","PM","floweringpercent",47.0804486201618,2022,129
"77","PM","floweringpercent",47.0804486201618,2022,130
"78","PM","floweringpercent",47.0804486201618,2022,131
"79","PM","floweringpercent",47.0804486201618,2022,132
"80","PM","floweringpercent",47.0804486201618,2022,133
"81","PM","floweringpercent",47.0804486201618,2022,134
"82","PM","floweringpercent",47.0804486201618,2022,135
"83","PM","floweringpercent",47.0804486201618,2022,136
"84","PM","floweringpercent",47.0804486201618,2022,137
"85","PM","floweringpercent",47.0804486201618,2022,138
"86","PM","floweringpercent",47.0804486201618,2022,139
"87","PM","floweringpercent",47.0804486201618,2022,140
"88","PM","floweringpercent",47.0804486201618,2022,141
"89","PM","floweringpercent",47.0804486201618,2022,142
"90","PM","floweringpercent",47.0804486201618,2022,143
"91","PM","floweringpercent",47.0804486201618,2022,144
"92","PM","floweringpercent",47.0804486201618,2022,145
"93","PM","floweringpercent",47.0804486201618,2022,146
"94","PM","floweringpercent",47.0804486201618,2022,147
"95","PM","floweringpercent",47.0804486201618,2022,148
"96","PM","floweringpercent",47.0804486201618,2022,149
"97","PM","floweringpercent",47.0804486201618,2022,150
"98","PM","floweringpercent",47.0804486201618,2022,151
"99","SD","floweringpercent",39.2213454050986,2022,129
"100","SD","floweringpercent",39.2213454050986,2022,130
"101","SD","floweringpercent",39.2213454050986,2022,131
"102","SD","floweringpercent",39.2213454050986,2022,132
"103","SD","floweringpercent",39.2213454050986,2022,133
"104","SD","floweringpercent",39.2213454050986,2022,134
"105","SD","floweringpercent",39.2213454050986,2022,135
"106","SD","floweringpercent",39.2213454050986,2022,136
"107","SD","floweringpercent",39.2213454050986,2022,137
"108","SD","floweringpercent",39.2213454050986,2022,138
"109","SD","floweringpercent",39.2213454050986,2022,139
"110","SD","floweringpercent",39.2213454050986,2022,140
"111","SD","floweringpercent",39.2213454050986,2022,141
"112","SD","floweringpercent",39.2213454050986,2022,142
"113","SD","floweringpercent",39.2213454050986,2022,143
"114","SD","floweringpercent",39.2213454050986,2022,144
"115","SD","floweringpercent",39.2213454050986,2022,145
"116","SD","floweringpercent",39.2213454050986,2022,146
"117","SD","floweringpercent",39.2213454050986,2022,147
"118","SD","floweringpercent",39.2213454050986,2022,148
"119","SD","floweringpercent",39.2213454050986,2022,149
"120","SD","floweringpercent",39.2213454050986,2022,150
"121","SD","floweringpercent",39.2213454050986,2022,151
"122","W","floweringpercent",18.9409878032633,2022,129
"123","W","floweringpercent",18.9409878032633,2022,130
"124","W","floweringpercent",18.9409878032633,2022,131
"125","W","floweringpercent",18.9409878032633,2022,132
"126","W","floweringpercent",18.9409878032633,2022,133
"127","W","floweringpercent",18.9409878032633,2022,134
"128","W","floweringpercent",18.9409878032633,2022,135
"129","W","floweringpercent",18.9409878032633,2022,136
"130","W","floweringpercent",18.9409878032633,2022,137
"131","W","floweringpercent",18.9409878032633,2022,138
"132","W","floweringpercent",18.9409878032633,2022,139
"133","W","floweringpercent",18.9409878032633,2022,140
"134","W","floweringpercent",18.9409878032633,2022,141
"135","W","floweringpercent",18.9409878032633,2022,142
"136","W","floweringpercent",18.9409878032633,2022,143
"137","W","floweringpercent",18.9409878032633,2022,144
"138","W","floweringpercent",18.9409878032633,2022,145
"139","W","floweringpercent",18.9409878032633,2022,146
"140","W","floweringpercent",18.9409878032633,2022,147
"141","W","floweringpercent",18.9409878032633,2022,148
"142","W","floweringpercent",18.9409878032633,2022,149
"143","W","floweringpercent",18.9409878032633,2022,150
"144","W","floweringpercent",18.9409878032633,2022,151
"145","ED","floweringpercent",40.591023414625,2022,152
"146","ED","floweringpercent",40.591023414625,2022,153
"147","ED","floweringpercent",40.591023414625,2022,154
"148","ED","floweringpercent",40.591023414625,2022,155
"149","ED","floweringpercent",40.591023414625,2022,156
"150","HR","floweringpercent",53.1723079169244,2022,152
"151","HR","floweringpercent",53.1723079169244,2022,153
"152","HR","floweringpercent",53.1723079169244,2022,154
"153","HR","floweringpercent",53.1723079169244,2022,155
"154","HR","floweringpercent",53.1723079169244,2022,156
"155","NR","floweringpercent",58.6401885009132,2022,152
"156","NR","floweringpercent",58.6401885009132,2022,153
"157","NR","floweringpercent",58.6401885009132,2022,154
"158","NR","floweringpercent",58.6401885009132,2022,155
"159","NR","floweringpercent",58.6401885009132,2022,156
"160","PM","floweringpercent",48.0756844430189,2022,152
"161","PM","floweringpercent",48.0756844430189,2022,153
"162","PM","floweringpercent",48.0756844430189,2022,154
"163","PM","floweringpercent",48.0756844430189,2022,155
"164","PM","floweringpercent",48.0756844430189,2022,156
"165","SD","floweringpercent",39.2213454050986,2022,152
"166","SD","floweringpercent",39.2213454050986,2022,153
"167","SD","floweringpercent",39.2213454050986,2022,154
"168","SD","floweringpercent",39.2213454050986,2022,155
"169","SD","floweringpercent",39.2213454050986,2022,156
"170","W","floweringpercent",18.9409878032633,2022,152
"171","W","floweringpercent",18.9409878032633,2022,153
"172","W","floweringpercent",18.9409878032633,2022,154
"173","W","floweringpercent",18.9409878032633,2022,155
"174","W","floweringpercent",18.9409878032633,2022,156
"175","ED","floweringpercent",40.9387811349947,2022,157
"176","ED","floweringpercent",40.9387811349947,2022,158
"177","ED","floweringpercent",40.9387811349947,2022,159
"178","ED","floweringpercent",40.9387811349947,2022,160
"179","ED","floweringpercent",40.9387811349947,2022,161
"180","ED","floweringpercent",40.9387811349947,2022,162
"181","ED","floweringpercent",40.9387811349947,2022,163
"182","ED","floweringpercent",40.9387811349947,2022,164
"183","ED","floweringpercent",40.9387811349947,2022,165
"184","ED","floweringpercent",40.9387811349947,2022,166
"185","ED","floweringpercent",40.9387811349947,2022,167
"186","ED","floweringpercent",40.9387811349947,2022,168
"187","ED","floweringpercent",40.9387811349947,2022,169
"188","ED","floweringpercent",40.9387811349947,2022,170
"189","ED","floweringpercent",40.9387811349947,2022,171
"190","ED","floweringpercent",40.9387811349947,2022,172
"191","ED","floweringpercent",40.9387811349947,2022,173
"192","HR","floweringpercent",53.4731465437039,2022,157
"193","HR","floweringpercent",53.4731465437039,2022,158
"194","HR","floweringpercent",53.4731465437039,2022,159
"195","HR","floweringpercent",53.4731465437039,2022,160
"196","HR","floweringpercent",53.4731465437039,2022,161
"197","HR","floweringpercent",53.4731465437039,2022,162
"198","HR","floweringpercent",53.4731465437039,2022,163
"199","HR","floweringpercent",53.4731465437039,2022,164
"200","HR","floweringpercent",53.4731465437039,2022,165
"201","HR","floweringpercent",53.4731465437039,2022,166
"202","HR","floweringpercent",53.4731465437039,2022,167
"203","HR","floweringpercent",53.4731465437039,2022,168
"204","HR","floweringpercent",53.4731465437039,2022,169
"205","HR","floweringpercent",53.4731465437039,2022,170
"206","HR","floweringpercent",53.4731465437039,2022,171
"207","HR","floweringpercent",53.4731465437039,2022,172
"208","HR","floweringpercent",53.4731465437039,2022,173
"209","NR","floweringpercent",59.1236325053022,2022,157
"210","NR","floweringpercent",59.1236325053022,2022,158
"211","NR","floweringpercent",59.1236325053022,2022,159
"212","NR","floweringpercent",59.1236325053022,2022,160
"213","NR","floweringpercent",59.1236325053022,2022,161
"214","NR","floweringpercent",59.1236325053022,2022,162
"215","NR","floweringpercent",59.1236325053022,2022,163
"216","NR","floweringpercent",59.1236325053022,2022,164
"217","NR","floweringpercent",59.1236325053022,2022,165
"218","NR","floweringpercent",59.1236325053022,2022,166
"219","NR","floweringpercent",59.1236325053022,2022,167
"220","NR","floweringpercent",59.1236325053022,2022,168
"221","NR","floweringpercent",59.1236325053022,2022,169
"222","NR","floweringpercent",59.1236325053022,2022,170
"223","NR","floweringpercent",59.1236325053022,2022,171
"224","NR","floweringpercent",59.1236325053022,2022,172
"225","NR","floweringpercent",59.1236325053022,2022,173
"226","PM","floweringpercent",48.3281049944327,2022,157
"227","PM","floweringpercent",48.3281049944327,2022,158
"228","PM","floweringpercent",48.3281049944327,2022,159
"229","PM","floweringpercent",48.3281049944327,2022,160
"230","PM","floweringpercent",48.3281049944327,2022,161
"231","PM","floweringpercent",48.3281049944327,2022,162
"232","PM","floweringpercent",48.3281049944327,2022,163
"233","PM","floweringpercent",48.3281049944327,2022,164
"234","PM","floweringpercent",48.3281049944327,2022,165
"235","PM","floweringpercent",48.3281049944327,2022,166
"236","PM","floweringpercent",48.3281049944327,2022,167
"237","PM","floweringpercent",48.3281049944327,2022,168
"238","PM","floweringpercent",48.3281049944327,2022,169
"239","PM","floweringpercent",48.3281049944327,2022,170
"240","PM","floweringpercent",48.3281049944327,2022,171
"241","PM","floweringpercent",48.3281049944327,2022,172
"242","PM","floweringpercent",48.3281049944327,2022,173
"243","SD","floweringpercent",40.1759147121779,2022,157
"244","SD","floweringpercent",40.1759147121779,2022,158
"245","SD","floweringpercent",40.1759147121779,2022,159
"246","SD","floweringpercent",40.1759147121779,2022,160
"247","SD","floweringpercent",40.1759147121779,2022,161
"248","SD","floweringpercent",40.1759147121779,2022,162
"249","SD","floweringpercent",40.1759147121779,2022,163
"250","SD","floweringpercent",40.1759147121779,2022,164
"251","SD","floweringpercent",40.1759147121779,2022,165
"252","SD","floweringpercent",40.1759147121779,2022,166
"253","SD","floweringpercent",40.1759147121779,2022,167
"254","SD","floweringpercent",40.1759147121779,2022,168
"255","SD","floweringpercent",40.1759147121779,2022,169
"256","SD","floweringpercent",40.1759147121779,2022,170
"257","SD","floweringpercent",40.1759147121779,2022,171
"258","SD","floweringpercent",40.1759147121779,2022,172
"259","SD","floweringpercent",40.1759147121779,2022,173
"260","W","floweringpercent",19.6190542747429,2022,157
"261","W","floweringpercent",19.6190542747429,2022,158
"262","W","floweringpercent",19.6190542747429,2022,159
"263","W","floweringpercent",19.6190542747429,2022,160
"264","W","floweringpercent",19.6190542747429,2022,161
"265","W","floweringpercent",19.6190542747429,2022,162
"266","W","floweringpercent",19.6190542747429,2022,163
"267","W","floweringpercent",19.6190542747429,2022,164
"268","W","floweringpercent",19.6190542747429,2022,165
"269","W","floweringpercent",19.6190542747429,2022,166
"270","W","floweringpercent",19.6190542747429,2022,167
"271","W","floweringpercent",19.6190542747429,2022,168
"272","W","floweringpercent",19.6190542747429,2022,169
"273","W","floweringpercent",19.6190542747429,2022,170
"274","W","floweringpercent",19.6190542747429,2022,171
"275","W","floweringpercent",19.6190542747429,2022,172
"276","W","floweringpercent",19.6190542747429,2022,173
"277","ED","floweringpercent",23.1524616184515,2022,174
"278","ED","floweringpercent",23.1524616184515,2022,175
"279","ED","floweringpercent",23.1524616184515,2022,176
"280","ED","floweringpercent",23.1524616184515,2022,177
"281","ED","floweringpercent",23.1524616184515,2022,178
"282","ED","floweringpercent",23.1524616184515,2022,179
"283","ED","floweringpercent",23.1524616184515,2022,180
"284","ED","floweringpercent",23.1524616184515,2022,181
"285","ED","floweringpercent",23.1524616184515,2022,182
"286","ED","floweringpercent",23.1524616184515,2022,183
"287","ED","floweringpercent",23.1524616184515,2022,184
"288","ED","floweringpercent",23.1524616184515,2022,185
"289","ED","floweringpercent",23.1524616184515,2022,186
"290","ED","floweringpercent",23.1524616184515,2022,187
"291","ED","floweringpercent",23.1524616184515,2022,188
"292","ED","floweringpercent",23.1524616184515,2022,189
"293","ED","floweringpercent",23.1524616184515,2022,190
"294","ED","floweringpercent",23.1524616184515,2022,191
"295","ED","floweringpercent",23.1524616184515,2022,192
"296","ED","floweringpercent",23.1524616184515,2022,193
"297","ED","floweringpercent",23.1524616184515,2022,194
"298","ED","floweringpercent",23.1524616184515,2022,195
"299","ED","floweringpercent",23.1524616184515,2022,196
"300","ED","floweringpercent",23.1524616184515,2022,197
"301","ED","floweringpercent",23.1524616184515,2022,198
"302","ED","floweringpercent",23.1524616184515,2022,199
"303","ED","floweringpercent",23.1524616184515,2022,200
"304","ED","floweringpercent",23.1524616184515,2022,201
"305","ED","floweringpercent",23.1524616184515,2022,202
"306","ED","floweringpercent",23.1524616184515,2022,203
"307","ED","floweringpercent",23.1524616184515,2022,204
"308","ED","floweringpercent",23.1524616184515,2022,205
"309","ED","floweringpercent",23.1524616184515,2022,206
"310","ED","floweringpercent",23.1524616184515,2022,207
"311","ED","floweringpercent",23.1524616184515,2022,208
"312","ED","floweringpercent",23.1524616184515,2022,209
"313","ED","floweringpercent",23.1524616184515,2022,210
"314","ED","floweringpercent",23.1524616184515,2022,211
"315","ED","floweringpercent",23.1524616184515,2022,212
"316","HR","floweringpercent",43.7158427954885,2022,174
"317","HR","floweringpercent",43.7158427954885,2022,175
"318","HR","floweringpercent",43.7158427954885,2022,176
"319","HR","floweringpercent",43.7158427954885,2022,177
"320","HR","floweringpercent",43.7158427954885,2022,178
"321","HR","floweringpercent",43.7158427954885,2022,179
"322","HR","floweringpercent",43.7158427954885,2022,180
"323","HR","floweringpercent",43.7158427954885,2022,181
"324","HR","floweringpercent",43.7158427954885,2022,182
"325","HR","floweringpercent",43.7158427954885,2022,183
"326","HR","floweringpercent",43.7158427954885,2022,184
"327","HR","floweringpercent",43.7158427954885,2022,185
"328","HR","floweringpercent",43.7158427954885,2022,186
"329","HR","floweringpercent",43.7158427954885,2022,187
"330","HR","floweringpercent",43.7158427954885,2022,188
"331","HR","floweringpercent",43.7158427954885,2022,189
"332","HR","floweringpercent",43.7158427954885,2022,190
"333","HR","floweringpercent",43.7158427954885,2022,191
"334","HR","floweringpercent",43.7158427954885,2022,192
"335","HR","floweringpercent",43.7158427954885,2022,193
"336","HR","floweringpercent",43.7158427954885,2022,194
"337","HR","floweringpercent",43.7158427954885,2022,195
"338","HR","floweringpercent",43.7158427954885,2022,196
"339","HR","floweringpercent",43.7158427954885,2022,197
"340","HR","floweringpercent",43.7158427954885,2022,198
"341","HR","floweringpercent",43.7158427954885,2022,199
"342","HR","floweringpercent",43.7158427954885,2022,200
"343","HR","floweringpercent",43.7158427954885,2022,201
"344","HR","floweringpercent",43.7158427954885,2022,202
"345","HR","floweringpercent",43.7158427954885,2022,203
"346","HR","floweringpercent",43.7158427954885,2022,204
"347","HR","floweringpercent",43.7158427954885,2022,205
"348","HR","floweringpercent",43.7158427954885,2022,206
"349","HR","floweringpercent",43.7158427954885,2022,207
"350","HR","floweringpercent",43.7158427954885,2022,208
"351","HR","floweringpercent",43.7158427954885,2022,209
"352","HR","floweringpercent",43.7158427954885,2022,210
"353","HR","floweringpercent",43.7158427954885,2022,211
"354","HR","floweringpercent",43.7158427954885,2022,212
"355","NR","floweringpercent",25.0860361333654,2022,174
"356","NR","floweringpercent",25.0860361333654,2022,175
"357","NR","floweringpercent",25.0860361333654,2022,176
"358","NR","floweringpercent",25.0860361333654,2022,177
"359","NR","floweringpercent",25.0860361333654,2022,178
"360","NR","floweringpercent",25.0860361333654,2022,179
"361","NR","floweringpercent",25.0860361333654,2022,180
"362","NR","floweringpercent",25.0860361333654,2022,181
"363","NR","floweringpercent",25.0860361333654,2022,182
"364","NR","floweringpercent",25.0860361333654,2022,183
"365","NR","floweringpercent",25.0860361333654,2022,184
"366","NR","floweringpercent",25.0860361333654,2022,185
"367","NR","floweringpercent",25.0860361333654,2022,186
"368","NR","floweringpercent",25.0860361333654,2022,187
"369","NR","floweringpercent",25.0860361333654,2022,188
"370","NR","floweringpercent",25.0860361333654,2022,189
"371","NR","floweringpercent",25.0860361333654,2022,190
"372","NR","floweringpercent",25.0860361333654,2022,191
"373","NR","floweringpercent",25.0860361333654,2022,192
"374","NR","floweringpercent",25.0860361333654,2022,193
"375","NR","floweringpercent",25.0860361333654,2022,194
"376","NR","floweringpercent",25.0860361333654,2022,195
"377","NR","floweringpercent",25.0860361333654,2022,196
"378","NR","floweringpercent",25.0860361333654,2022,197
"379","NR","floweringpercent",25.0860361333654,2022,198
"380","NR","floweringpercent",25.0860361333654,2022,199
"381","NR","floweringpercent",25.0860361333654,2022,200
"382","NR","floweringpercent",25.0860361333654,2022,201
"383","NR","floweringpercent",25.0860361333654,2022,202
"384","NR","floweringpercent",25.0860361333654,2022,203
"385","NR","floweringpercent",25.0860361333654,2022,204
"386","NR","floweringpercent",25.0860361333654,2022,205
"387","NR","floweringpercent",25.0860361333654,2022,206
"388","NR","floweringpercent",25.0860361333654,2022,207
"389","NR","floweringpercent",25.0860361333654,2022,208
"390","NR","floweringpercent",25.0860361333654,2022,209
"391","NR","floweringpercent",25.0860361333654,2022,210
"392","NR","floweringpercent",25.0860361333654,2022,211
"393","NR","floweringpercent",25.0860361333654,2022,212
"394","PM","floweringpercent",23.0631546832096,2022,174
"395","PM","floweringpercent",23.0631546832096,2022,175
"396","PM","floweringpercent",23.0631546832096,2022,176
"397","PM","floweringpercent",23.0631546832096,2022,177
"398","PM","floweringpercent",23.0631546832096,2022,178
"399","PM","floweringpercent",23.0631546832096,2022,179
"400","PM","floweringpercent",23.0631546832096,2022,180
"401","PM","floweringpercent",23.0631546832096,2022,181
"402","PM","floweringpercent",23.0631546832096,2022,182
"403","PM","floweringpercent",23.0631546832096,2022,183
"404","PM","floweringpercent",23.0631546832096,2022,184
"405","PM","floweringpercent",23.0631546832096,2022,185
"406","PM","floweringpercent",23.0631546832096,2022,186
"407","PM","floweringpercent",23.0631546832096,2022,187
"408","PM","floweringpercent",23.0631546832096,2022,188
"409","PM","floweringpercent",23.0631546832096,2022,189
"410","PM","floweringpercent",23.0631546832096,2022,190
"411","PM","floweringpercent",23.0631546832096,2022,191
"412","PM","floweringpercent",23.0631546832096,2022,192
"413","PM","floweringpercent",23.0631546832096,2022,193
"414","PM","floweringpercent",23.0631546832096,2022,194
"415","PM","floweringpercent",23.0631546832096,2022,195
"416","PM","floweringpercent",23.0631546832096,2022,196
"417","PM","floweringpercent",23.0631546832096,2022,197
"418","PM","floweringpercent",23.0631546832096,2022,198
"419","PM","floweringpercent",23.0631546832096,2022,199
"420","PM","floweringpercent",23.0631546832096,2022,200
"421","PM","floweringpercent",23.0631546832096,2022,201
"422","PM","floweringpercent",23.0631546832096,2022,202
"423","PM","floweringpercent",23.0631546832096,2022,203
"424","PM","floweringpercent",23.0631546832096,2022,204
"425","PM","floweringpercent",23.0631546832096,2022,205
"426","PM","floweringpercent",23.0631546832096,2022,206
"427","PM","floweringpercent",23.0631546832096,2022,207
"428","PM","floweringpercent",23.0631546832096,2022,208
"429","PM","floweringpercent",23.0631546832096,2022,209
"430","PM","floweringpercent",23.0631546832096,2022,210
"431","PM","floweringpercent",23.0631546832096,2022,211
"432","PM","floweringpercent",23.0631546832096,2022,212
"433","SD","floweringpercent",27.4526611693617,2022,174
"434","SD","floweringpercent",27.4526611693617,2022,175
"435","SD","floweringpercent",27.4526611693617,2022,176
"436","SD","floweringpercent",27.4526611693617,2022,177
"437","SD","floweringpercent",27.4526611693617,2022,178
"438","SD","floweringpercent",27.4526611693617,2022,179
"439","SD","floweringpercent",27.4526611693617,2022,180
"440","SD","floweringpercent",27.4526611693617,2022,181
"441","SD","floweringpercent",27.4526611693617,2022,182
"442","SD","floweringpercent",27.4526611693617,2022,183
"443","SD","floweringpercent",27.4526611693617,2022,184
"444","SD","floweringpercent",27.4526611693617,2022,185
"445","SD","floweringpercent",27.4526611693617,2022,186
"446","SD","floweringpercent",27.4526611693617,2022,187
"447","SD","floweringpercent",27.4526611693617,2022,188
"448","SD","floweringpercent",27.4526611693617,2022,189
"449","SD","floweringpercent",27.4526611693617,2022,190
"450","SD","floweringpercent",27.4526611693617,2022,191
"451","SD","floweringpercent",27.4526611693617,2022,192
"452","SD","floweringpercent",27.4526611693617,2022,193
"453","SD","floweringpercent",27.4526611693617,2022,194
"454","SD","floweringpercent",27.4526611693617,2022,195
"455","SD","floweringpercent",27.4526611693617,2022,196
"456","SD","floweringpercent",27.4526611693617,2022,197
"457","SD","floweringpercent",27.4526611693617,2022,198
"458","SD","floweringpercent",27.4526611693617,2022,199
"459","SD","floweringpercent",27.4526611693617,2022,200
"460","SD","floweringpercent",27.4526611693617,2022,201
"461","SD","floweringpercent",27.4526611693617,2022,202
"462","SD","floweringpercent",27.4526611693617,2022,203
"463","SD","floweringpercent",27.4526611693617,2022,204
"464","SD","floweringpercent",27.4526611693617,2022,205
"465","SD","floweringpercent",27.4526611693617,2022,206
"466","SD","floweringpercent",27.4526611693617,2022,207
"467","SD","floweringpercent",27.4526611693617,2022,208
"468","SD","floweringpercent",27.4526611693617,2022,209
"469","SD","floweringpercent",27.4526611693617,2022,210
"470","SD","floweringpercent",27.4526611693617,2022,211
"471","SD","floweringpercent",27.4526611693617,2022,212
"472","W","floweringpercent",16.1647221527461,2022,174
"473","W","floweringpercent",16.1647221527461,2022,175
"474","W","floweringpercent",16.1647221527461,2022,176
"475","W","floweringpercent",16.1647221527461,2022,177
"476","W","floweringpercent",16.1647221527461,2022,178
"477","W","floweringpercent",16.1647221527461,2022,179
"478","W","floweringpercent",16.1647221527461,2022,180
"479","W","floweringpercent",16.1647221527461,2022,181
"480","W","floweringpercent",16.1647221527461,2022,182
"481","W","floweringpercent",16.1647221527461,2022,183
"482","W","floweringpercent",16.1647221527461,2022,184
"483","W","floweringpercent",16.1647221527461,2022,185
"484","W","floweringpercent",16.1647221527461,2022,186
"485","W","floweringpercent",16.1647221527461,2022,187
"486","W","floweringpercent",16.1647221527461,2022,188
"487","W","floweringpercent",16.1647221527461,2022,189
"488","W","floweringpercent",16.1647221527461,2022,190
"489","W","floweringpercent",16.1647221527461,2022,191
"490","W","floweringpercent",16.1647221527461,2022,192
"491","W","floweringpercent",16.1647221527461,2022,193
"492","W","floweringpercent",16.1647221527461,2022,194
"493","W","floweringpercent",16.1647221527461,2022,195
"494","W","floweringpercent",16.1647221527461,2022,196
"495","W","floweringpercent",16.1647221527461,2022,197
"496","W","floweringpercent",16.1647221527461,2022,198
"497","W","floweringpercent",16.1647221527461,2022,199
"498","W","floweringpercent",16.1647221527461,2022,200
"499","W","floweringpercent",16.1647221527461,2022,201
"500","W","floweringpercent",16.1647221527461,2022,202
"501","W","floweringpercent",16.1647221527461,2022,203
"502","W","floweringpercent",16.1647221527461,2022,204
"503","W","floweringpercent",16.1647221527461,2022,205
"504","W","floweringpercent",16.1647221527461,2022,206
"505","W","floweringpercent",16.1647221527461,2022,207
"506","W","floweringpercent",16.1647221527461,2022,208
"507","W","floweringpercent",16.1647221527461,2022,209
"508","W","floweringpercent",16.1647221527461,2022,210
"509","W","floweringpercent",16.1647221527461,2022,211
"510","W","floweringpercent",16.1647221527461,2022,212
"511","ED","floweringpercent",19.2404343292981,2022,213
"512","ED","floweringpercent",19.2404343292981,2022,214
"513","ED","floweringpercent",19.2404343292981,2022,215
"514","ED","floweringpercent",19.2404343292981,2022,216
"515","ED","floweringpercent",19.2404343292981,2022,217
"516","ED","floweringpercent",19.2404343292981,2022,218
"517","ED","floweringpercent",19.2404343292981,2022,219
"518","ED","floweringpercent",19.2404343292981,2022,220
"519","ED","floweringpercent",19.2404343292981,2022,221
"520","ED","floweringpercent",19.2404343292981,2022,222
"521","ED","floweringpercent",19.2404343292981,2022,223
"522","ED","floweringpercent",19.2404343292981,2022,224
"523","ED","floweringpercent",19.2404343292981,2022,225
"524","ED","floweringpercent",19.2404343292981,2022,226
"525","ED","floweringpercent",19.2404343292981,2022,227
"526","ED","floweringpercent",19.2404343292981,2022,228
"527","ED","floweringpercent",19.2404343292981,2022,229
"528","ED","floweringpercent",19.2404343292981,2022,230
"529","ED","floweringpercent",19.2404343292981,2022,231
"530","ED","floweringpercent",19.2404343292981,2022,232
"531","ED","floweringpercent",19.2404343292981,2022,233
"532","HR","floweringpercent",43.7158427954885,2022,213
"533","HR","floweringpercent",43.7158427954885,2022,214
"534","HR","floweringpercent",43.7158427954885,2022,215
"535","HR","floweringpercent",43.7158427954885,2022,216
"536","HR","floweringpercent",43.7158427954885,2022,217
"537","HR","floweringpercent",43.7158427954885,2022,218
"538","HR","floweringpercent",43.7158427954885,2022,219
"539","HR","floweringpercent",43.7158427954885,2022,220
"540","HR","floweringpercent",43.7158427954885,2022,221
"541","HR","floweringpercent",43.7158427954885,2022,222
"542","HR","floweringpercent",43.7158427954885,2022,223
"543","HR","floweringpercent",43.7158427954885,2022,224
"544","HR","floweringpercent",43.7158427954885,2022,225
"545","HR","floweringpercent",43.7158427954885,2022,226
"546","HR","floweringpercent",43.7158427954885,2022,227
"547","HR","floweringpercent",43.7158427954885,2022,228
"548","HR","floweringpercent",43.7158427954885,2022,229
"549","HR","floweringpercent",43.7158427954885,2022,230
"550","HR","floweringpercent",43.7158427954885,2022,231
"551","HR","floweringpercent",43.7158427954885,2022,232
"552","HR","floweringpercent",43.7158427954885,2022,233
"553","NR","floweringpercent",25.0860361333654,2022,213
"554","NR","floweringpercent",25.0860361333654,2022,214
"555","NR","floweringpercent",25.0860361333654,2022,215
"556","NR","floweringpercent",25.0860361333654,2022,216
"557","NR","floweringpercent",25.0860361333654,2022,217
"558","NR","floweringpercent",25.0860361333654,2022,218
"559","NR","floweringpercent",25.0860361333654,2022,219
"560","NR","floweringpercent",25.0860361333654,2022,220
"561","NR","floweringpercent",25.0860361333654,2022,221
"562","NR","floweringpercent",25.0860361333654,2022,222
"563","NR","floweringpercent",25.0860361333654,2022,223
"564","NR","floweringpercent",25.0860361333654,2022,224
"565","NR","floweringpercent",25.0860361333654,2022,225
"566","NR","floweringpercent",25.0860361333654,2022,226
"567","NR","floweringpercent",25.0860361333654,2022,227
"568","NR","floweringpercent",25.0860361333654,2022,228
"569","NR","floweringpercent",25.0860361333654,2022,229
"570","NR","floweringpercent",25.0860361333654,2022,230
"571","NR","floweringpercent",25.0860361333654,2022,231
"572","NR","floweringpercent",25.0860361333654,2022,232
"573","NR","floweringpercent",25.0860361333654,2022,233
"574","PM","floweringpercent",22.0679188603525,2022,213
"575","PM","floweringpercent",22.0679188603525,2022,214
"576","PM","floweringpercent",22.0679188603525,2022,215
"577","PM","floweringpercent",22.0679188603525,2022,216
"578","PM","floweringpercent",22.0679188603525,2022,217
"579","PM","floweringpercent",22.0679188603525,2022,218
"580","PM","floweringpercent",22.0679188603525,2022,219
"581","PM","floweringpercent",22.0679188603525,2022,220
"582","PM","floweringpercent",22.0679188603525,2022,221
"583","PM","floweringpercent",22.0679188603525,2022,222
"584","PM","floweringpercent",22.0679188603525,2022,223
"585","PM","floweringpercent",22.0679188603525,2022,224
"586","PM","floweringpercent",22.0679188603525,2022,225
"587","PM","floweringpercent",22.0679188603525,2022,226
"588","PM","floweringpercent",22.0679188603525,2022,227
"589","PM","floweringpercent",22.0679188603525,2022,228
"590","PM","floweringpercent",22.0679188603525,2022,229
"591","PM","floweringpercent",22.0679188603525,2022,230
"592","PM","floweringpercent",22.0679188603525,2022,231
"593","PM","floweringpercent",22.0679188603525,2022,232
"594","PM","floweringpercent",22.0679188603525,2022,233
"595","SD","floweringpercent",27.4526611693617,2022,213
"596","SD","floweringpercent",27.4526611693617,2022,214
"597","SD","floweringpercent",27.4526611693617,2022,215
"598","SD","floweringpercent",27.4526611693617,2022,216
"599","SD","floweringpercent",27.4526611693617,2022,217
"600","SD","floweringpercent",27.4526611693617,2022,218
"601","SD","floweringpercent",27.4526611693617,2022,219
"602","SD","floweringpercent",27.4526611693617,2022,220
"603","SD","floweringpercent",27.4526611693617,2022,221
"604","SD","floweringpercent",27.4526611693617,2022,222
"605","SD","floweringpercent",27.4526611693617,2022,223
"606","SD","floweringpercent",27.4526611693617,2022,224
"607","SD","floweringpercent",27.4526611693617,2022,225
"608","SD","floweringpercent",27.4526611693617,2022,226
"609","SD","floweringpercent",27.4526611693617,2022,227
"610","SD","floweringpercent",27.4526611693617,2022,228
"611","SD","floweringpercent",27.4526611693617,2022,229
"612","SD","floweringpercent",27.4526611693617,2022,230
"613","SD","floweringpercent",27.4526611693617,2022,231
"614","SD","floweringpercent",27.4526611693617,2022,232
"615","SD","floweringpercent",27.4526611693617,2022,233
"616","W","floweringpercent",16.1647221527461,2022,213
"617","W","floweringpercent",16.1647221527461,2022,214
"618","W","floweringpercent",16.1647221527461,2022,215
"619","W","floweringpercent",16.1647221527461,2022,216
"620","W","floweringpercent",16.1647221527461,2022,217
"621","W","floweringpercent",16.1647221527461,2022,218
"622","W","floweringpercent",16.1647221527461,2022,219
"623","W","floweringpercent",16.1647221527461,2022,220
"624","W","floweringpercent",16.1647221527461,2022,221
"625","W","floweringpercent",16.1647221527461,2022,222
"626","W","floweringpercent",16.1647221527461,2022,223
"627","W","floweringpercent",16.1647221527461,2022,224
"628","W","floweringpercent",16.1647221527461,2022,225
"629","W","floweringpercent",16.1647221527461,2022,226
"630","W","floweringpercent",16.1647221527461,2022,227
"631","W","floweringpercent",16.1647221527461,2022,228
"632","W","floweringpercent",16.1647221527461,2022,229
"633","W","floweringpercent",16.1647221527461,2022,230
"634","W","floweringpercent",16.1647221527461,2022,231
"635","W","floweringpercent",16.1647221527461,2022,232
"636","W","floweringpercent",16.1647221527461,2022,233
"637","ED","floweringpercent",18.8926766089285,2023,81
"638","ED","floweringpercent",18.8926766089285,2023,82
"639","ED","floweringpercent",18.8926766089285,2023,83
"640","ED","floweringpercent",18.8926766089285,2023,84
"641","ED","floweringpercent",18.8926766089285,2023,85
"642","ED","floweringpercent",18.8926766089285,2023,86
"643","ED","floweringpercent",18.8926766089285,2023,87
"644","ED","floweringpercent",18.8926766089285,2023,88
"645","ED","floweringpercent",18.8926766089285,2023,89
"646","ED","floweringpercent",18.8926766089285,2023,90
"647","ED","floweringpercent",18.8926766089285,2023,91
"648","ED","floweringpercent",18.8926766089285,2023,92
"649","ED","floweringpercent",18.8926766089285,2023,93
"650","ED","floweringpercent",18.8926766089285,2023,94
"651","ED","floweringpercent",18.8926766089285,2023,95
"652","ED","floweringpercent",18.8926766089285,2023,96
"653","ED","floweringpercent",18.8926766089285,2023,97
"654","ED","floweringpercent",18.8926766089285,2023,98
"655","ED","floweringpercent",18.8926766089285,2023,99
"656","ED","floweringpercent",18.8926766089285,2023,100
"657","ED","floweringpercent",18.8926766089285,2023,101
"658","ED","floweringpercent",18.8926766089285,2023,102
"659","ED","floweringpercent",18.8926766089285,2023,103
"660","ED","floweringpercent",18.8926766089285,2023,104
"661","ED","floweringpercent",18.8926766089285,2023,105
"662","ED","floweringpercent",18.8926766089285,2023,106
"663","ED","floweringpercent",18.8926766089285,2023,107
"664","ED","floweringpercent",18.8926766089285,2023,108
"665","ED","floweringpercent",18.8926766089285,2023,109
"666","ED","floweringpercent",18.8926766089285,2023,110
"667","ED","floweringpercent",18.8926766089285,2023,111
"668","ED","floweringpercent",18.8926766089285,2023,112
"669","ED","floweringpercent",18.8926766089285,2023,113
"670","HR","floweringpercent",43.4150041687089,2023,81
"671","HR","floweringpercent",43.4150041687089,2023,82
"672","HR","floweringpercent",43.4150041687089,2023,83
"673","HR","floweringpercent",43.4150041687089,2023,84
"674","HR","floweringpercent",43.4150041687089,2023,85
"675","HR","floweringpercent",43.4150041687089,2023,86
"676","HR","floweringpercent",43.4150041687089,2023,87
"677","HR","floweringpercent",43.4150041687089,2023,88
"678","HR","floweringpercent",43.4150041687089,2023,89
"679","HR","floweringpercent",43.4150041687089,2023,90
"680","HR","floweringpercent",43.4150041687089,2023,91
"681","HR","floweringpercent",43.4150041687089,2023,92
"682","HR","floweringpercent",43.4150041687089,2023,93
"683","HR","floweringpercent",43.4150041687089,2023,94
"684","HR","floweringpercent",43.4150041687089,2023,95
"685","HR","floweringpercent",43.4150041687089,2023,96
"686","HR","floweringpercent",43.4150041687089,2023,97
"687","HR","floweringpercent",43.4150041687089,2023,98
"688","HR","floweringpercent",43.4150041687089,2023,99
"689","HR","floweringpercent",43.4150041687089,2023,100
"690","HR","floweringpercent",43.4150041687089,2023,101
"691","HR","floweringpercent",43.4150041687089,2023,102
"692","HR","floweringpercent",43.4150041687089,2023,103
"693","HR","floweringpercent",43.4150041687089,2023,104
"694","HR","floweringpercent",43.4150041687089,2023,105
"695","HR","floweringpercent",43.4150041687089,2023,106
"696","HR","floweringpercent",43.4150041687089,2023,107
"697","HR","floweringpercent",43.4150041687089,2023,108
"698","HR","floweringpercent",43.4150041687089,2023,109
"699","HR","floweringpercent",43.4150041687089,2023,110
"700","HR","floweringpercent",43.4150041687089,2023,111
"701","HR","floweringpercent",43.4150041687089,2023,112
"702","HR","floweringpercent",43.4150041687089,2023,113
"703","NR","floweringpercent",24.6025921289763,2023,81
"704","NR","floweringpercent",24.6025921289763,2023,82
"705","NR","floweringpercent",24.6025921289763,2023,83
"706","NR","floweringpercent",24.6025921289763,2023,84
"707","NR","floweringpercent",24.6025921289763,2023,85
"708","NR","floweringpercent",24.6025921289763,2023,86
"709","NR","floweringpercent",24.6025921289763,2023,87
"710","NR","floweringpercent",24.6025921289763,2023,88
"711","NR","floweringpercent",24.6025921289763,2023,89
"712","NR","floweringpercent",24.6025921289763,2023,90
"713","NR","floweringpercent",24.6025921289763,2023,91
"714","NR","floweringpercent",24.6025921289763,2023,92
"715","NR","floweringpercent",24.6025921289763,2023,93
"716","NR","floweringpercent",24.6025921289763,2023,94
"717","NR","floweringpercent",24.6025921289763,2023,95
"718","NR","floweringpercent",24.6025921289763,2023,96
"719","NR","floweringpercent",24.6025921289763,2023,97
"720","NR","floweringpercent",24.6025921289763,2023,98
"721","NR","floweringpercent",24.6025921289763,2023,99
"722","NR","floweringpercent",24.6025921289763,2023,100
"723","NR","floweringpercent",24.6025921289763,2023,101
"724","NR","floweringpercent",24.6025921289763,2023,102
"725","NR","floweringpercent",24.6025921289763,2023,103
"726","NR","floweringpercent",24.6025921289763,2023,104
"727","NR","floweringpercent",24.6025921289763,2023,105
"728","NR","floweringpercent",24.6025921289763,2023,106
"729","NR","floweringpercent",24.6025921289763,2023,107
"730","NR","floweringpercent",24.6025921289763,2023,108
"731","NR","floweringpercent",24.6025921289763,2023,109
"732","NR","floweringpercent",24.6025921289763,2023,110
"733","NR","floweringpercent",24.6025921289763,2023,111
"734","NR","floweringpercent",24.6025921289763,2023,112
"735","NR","floweringpercent",24.6025921289763,2023,113
"736","PM","floweringpercent",21.8154983089388,2023,81
"737","PM","floweringpercent",21.8154983089388,2023,82
"738","PM","floweringpercent",21.8154983089388,2023,83
"739","PM","floweringpercent",21.8154983089388,2023,84
"740","PM","floweringpercent",21.8154983089388,2023,85
"741","PM","floweringpercent",21.8154983089388,2023,86
"742","PM","floweringpercent",21.8154983089388,2023,87
"743","PM","floweringpercent",21.8154983089388,2023,88
"744","PM","floweringpercent",21.8154983089388,2023,89
"745","PM","floweringpercent",21.8154983089388,2023,90
"746","PM","floweringpercent",21.8154983089388,2023,91
"747","PM","floweringpercent",21.8154983089388,2023,92
"748","PM","floweringpercent",21.8154983089388,2023,93
"749","PM","floweringpercent",21.8154983089388,2023,94
"750","PM","floweringpercent",21.8154983089388,2023,95
"751","PM","floweringpercent",21.8154983089388,2023,96
"752","PM","floweringpercent",21.8154983089388,2023,97
"753","PM","floweringpercent",21.8154983089388,2023,98
"754","PM","floweringpercent",21.8154983089388,2023,99
"755","PM","floweringpercent",21.8154983089388,2023,100
"756","PM","floweringpercent",21.8154983089388,2023,101
"757","PM","floweringpercent",21.8154983089388,2023,102
"758","PM","floweringpercent",21.8154983089388,2023,103
"759","PM","floweringpercent",21.8154983089388,2023,104
"760","PM","floweringpercent",21.8154983089388,2023,105
"761","PM","floweringpercent",21.8154983089388,2023,106
"762","PM","floweringpercent",21.8154983089388,2023,107
"763","PM","floweringpercent",21.8154983089388,2023,108
"764","PM","floweringpercent",21.8154983089388,2023,109
"765","PM","floweringpercent",21.8154983089388,2023,110
"766","PM","floweringpercent",21.8154983089388,2023,111
"767","PM","floweringpercent",21.8154983089388,2023,112
"768","PM","floweringpercent",21.8154983089388,2023,113
"769","SD","floweringpercent",26.4980918622824,2023,81
"770","SD","floweringpercent",26.4980918622824,2023,82
"771","SD","floweringpercent",26.4980918622824,2023,83
"772","SD","floweringpercent",26.4980918622824,2023,84
"773","SD","floweringpercent",26.4980918622824,2023,85
"774","SD","floweringpercent",26.4980918622824,2023,86
"775","SD","floweringpercent",26.4980918622824,2023,87
"776","SD","floweringpercent",26.4980918622824,2023,88
"777","SD","floweringpercent",26.4980918622824,2023,89
"778","SD","floweringpercent",26.4980918622824,2023,90
"779","SD","floweringpercent",26.4980918622824,2023,91
"780","SD","floweringpercent",26.4980918622824,2023,92
"781","SD","floweringpercent",26.4980918622824,2023,93
"782","SD","floweringpercent",26.4980918622824,2023,94
"783","SD","floweringpercent",26.4980918622824,2023,95
"784","SD","floweringpercent",26.4980918622824,2023,96
"785","SD","floweringpercent",26.4980918622824,2023,97
"786","SD","floweringpercent",26.4980918622824,2023,98
"787","SD","floweringpercent",26.4980918622824,2023,99
"788","SD","floweringpercent",26.4980918622824,2023,100
"789","SD","floweringpercent",26.4980918622824,2023,101
"790","SD","floweringpercent",26.4980918622824,2023,102
"791","SD","floweringpercent",26.4980918622824,2023,103
"792","SD","floweringpercent",26.4980918622824,2023,104
"793","SD","floweringpercent",26.4980918622824,2023,105
"794","SD","floweringpercent",26.4980918622824,2023,106
"795","SD","floweringpercent",26.4980918622824,2023,107
"796","SD","floweringpercent",26.4980918622824,2023,108
"797","SD","floweringpercent",26.4980918622824,2023,109
"798","SD","floweringpercent",26.4980918622824,2023,110
"799","SD","floweringpercent",26.4980918622824,2023,111
"800","SD","floweringpercent",26.4980918622824,2023,112
"801","SD","floweringpercent",26.4980918622824,2023,113
"802","W","floweringpercent",15.4866556812665,2023,81
"803","W","floweringpercent",15.4866556812665,2023,82
"804","W","floweringpercent",15.4866556812665,2023,83
"805","W","floweringpercent",15.4866556812665,2023,84
"806","W","floweringpercent",15.4866556812665,2023,85
"807","W","floweringpercent",15.4866556812665,2023,86
"808","W","floweringpercent",15.4866556812665,2023,87
"809","W","floweringpercent",15.4866556812665,2023,88
"810","W","floweringpercent",15.4866556812665,2023,89
"811","W","floweringpercent",15.4866556812665,2023,90
"812","W","floweringpercent",15.4866556812665,2023,91
"813","W","floweringpercent",15.4866556812665,2023,92
"814","W","floweringpercent",15.4866556812665,2023,93
"815","W","floweringpercent",15.4866556812665,2023,94
"816","W","floweringpercent",15.4866556812665,2023,95
"817","W","floweringpercent",15.4866556812665,2023,96
"818","W","floweringpercent",15.4866556812665,2023,97
"819","W","floweringpercent",15.4866556812665,2023,98
"820","W","floweringpercent",15.4866556812665,2023,99
"821","W","floweringpercent",15.4866556812665,2023,100
"822","W","floweringpercent",15.4866556812665,2023,101
"823","W","floweringpercent",15.4866556812665,2023,102
"824","W","floweringpercent",15.4866556812665,2023,103
"825","W","floweringpercent",15.4866556812665,2023,104
"826","W","floweringpercent",15.4866556812665,2023,105
"827","W","floweringpercent",15.4866556812665,2023,106
"828","W","floweringpercent",15.4866556812665,2023,107
"829","W","floweringpercent",15.4866556812665,2023,108
"830","W","floweringpercent",15.4866556812665,2023,109
"831","W","floweringpercent",15.4866556812665,2023,110
"832","W","floweringpercent",15.4866556812665,2023,111
"833","W","floweringpercent",15.4866556812665,2023,112
"834","W","floweringpercent",15.4866556812665,2023,113
"835","ED","floweringpercent",36.6789961254717,2023,114
"836","ED","floweringpercent",36.6789961254717,2023,115
"837","ED","floweringpercent",36.6789961254717,2023,116
"838","ED","floweringpercent",36.6789961254717,2023,117
"839","ED","floweringpercent",36.6789961254717,2023,118
"840","ED","floweringpercent",36.6789961254717,2023,119
"841","ED","floweringpercent",36.6789961254717,2023,120
"842","ED","floweringpercent",36.6789961254717,2023,121
"843","ED","floweringpercent",36.6789961254717,2023,122
"844","ED","floweringpercent",36.6789961254717,2023,123
"845","ED","floweringpercent",36.6789961254717,2023,124
"846","ED","floweringpercent",36.6789961254717,2023,125
"847","ED","floweringpercent",36.6789961254717,2023,126
"848","ED","floweringpercent",36.6789961254717,2023,127
"849","ED","floweringpercent",36.6789961254717,2023,128
"850","ED","floweringpercent",36.6789961254717,2023,129
"851","ED","floweringpercent",36.6789961254717,2023,130
"852","ED","floweringpercent",36.6789961254717,2023,131
"853","ED","floweringpercent",36.6789961254717,2023,132
"854","ED","floweringpercent",36.6789961254717,2023,133
"855","ED","floweringpercent",36.6789961254717,2023,134
"856","ED","floweringpercent",36.6789961254717,2023,135
"857","ED","floweringpercent",36.6789961254717,2023,136
"858","ED","floweringpercent",36.6789961254717,2023,137
"859","ED","floweringpercent",36.6789961254717,2023,138
"860","ED","floweringpercent",36.6789961254717,2023,139
"861","ED","floweringpercent",36.6789961254717,2023,140
"862","ED","floweringpercent",36.6789961254717,2023,141
"863","ED","floweringpercent",36.6789961254717,2023,142
"864","ED","floweringpercent",36.6789961254717,2023,143
"865","ED","floweringpercent",36.6789961254717,2023,144
"866","ED","floweringpercent",36.6789961254717,2023,145
"867","HR","floweringpercent",53.1723079169244,2023,114
"868","HR","floweringpercent",53.1723079169244,2023,115
"869","HR","floweringpercent",53.1723079169244,2023,116
"870","HR","floweringpercent",53.1723079169244,2023,117
"871","HR","floweringpercent",53.1723079169244,2023,118
"872","HR","floweringpercent",53.1723079169244,2023,119
"873","HR","floweringpercent",53.1723079169244,2023,120
"874","HR","floweringpercent",53.1723079169244,2023,121
"875","HR","floweringpercent",53.1723079169244,2023,122
"876","HR","floweringpercent",53.1723079169244,2023,123
"877","HR","floweringpercent",53.1723079169244,2023,124
"878","HR","floweringpercent",53.1723079169244,2023,125
"879","HR","floweringpercent",53.1723079169244,2023,126
"880","HR","floweringpercent",53.1723079169244,2023,127
"881","HR","floweringpercent",53.1723079169244,2023,128
"882","HR","floweringpercent",53.1723079169244,2023,129
"883","HR","floweringpercent",53.1723079169244,2023,130
"884","HR","floweringpercent",53.1723079169244,2023,131
"885","HR","floweringpercent",53.1723079169244,2023,132
"886","HR","floweringpercent",53.1723079169244,2023,133
"887","HR","floweringpercent",53.1723079169244,2023,134
"888","HR","floweringpercent",53.1723079169244,2023,135
"889","HR","floweringpercent",53.1723079169244,2023,136
"890","HR","floweringpercent",53.1723079169244,2023,137
"891","HR","floweringpercent",53.1723079169244,2023,138
"892","HR","floweringpercent",53.1723079169244,2023,139
"893","HR","floweringpercent",53.1723079169244,2023,140
"894","HR","floweringpercent",53.1723079169244,2023,141
"895","HR","floweringpercent",53.1723079169244,2023,142
"896","HR","floweringpercent",53.1723079169244,2023,143
"897","HR","floweringpercent",53.1723079169244,2023,144
"898","HR","floweringpercent",53.1723079169244,2023,145
"899","NR","floweringpercent",58.6401885009132,2023,114
"900","NR","floweringpercent",58.6401885009132,2023,115
"901","NR","floweringpercent",58.6401885009132,2023,116
"902","NR","floweringpercent",58.6401885009132,2023,117
"903","NR","floweringpercent",58.6401885009132,2023,118
"904","NR","floweringpercent",58.6401885009132,2023,119
"905","NR","floweringpercent",58.6401885009132,2023,120
"906","NR","floweringpercent",58.6401885009132,2023,121
"907","NR","floweringpercent",58.6401885009132,2023,122
"908","NR","floweringpercent",58.6401885009132,2023,123
"909","NR","floweringpercent",58.6401885009132,2023,124
"910","NR","floweringpercent",58.6401885009132,2023,125
"911","NR","floweringpercent",58.6401885009132,2023,126
"912","NR","floweringpercent",58.6401885009132,2023,127
"913","NR","floweringpercent",58.6401885009132,2023,128
"914","NR","floweringpercent",58.6401885009132,2023,129
"915","NR","floweringpercent",58.6401885009132,2023,130
"916","NR","floweringpercent",58.6401885009132,2023,131
"917","NR","floweringpercent",58.6401885009132,2023,132
"918","NR","floweringpercent",58.6401885009132,2023,133
"919","NR","floweringpercent",58.6401885009132,2023,134
"920","NR","floweringpercent",58.6401885009132,2023,135
"921","NR","floweringpercent",58.6401885009132,2023,136
"922","NR","floweringpercent",58.6401885009132,2023,137
"923","NR","floweringpercent",58.6401885009132,2023,138
"924","NR","floweringpercent",58.6401885009132,2023,139
"925","NR","floweringpercent",58.6401885009132,2023,140
"926","NR","floweringpercent",58.6401885009132,2023,141
"927","NR","floweringpercent",58.6401885009132,2023,142
"928","NR","floweringpercent",58.6401885009132,2023,143
"929","NR","floweringpercent",58.6401885009132,2023,144
"930","NR","floweringpercent",58.6401885009132,2023,145
"931","PM","floweringpercent",47.0804486201618,2023,114
"932","PM","floweringpercent",47.0804486201618,2023,115
"933","PM","floweringpercent",47.0804486201618,2023,116
"934","PM","floweringpercent",47.0804486201618,2023,117
"935","PM","floweringpercent",47.0804486201618,2023,118
"936","PM","floweringpercent",47.0804486201618,2023,119
"937","PM","floweringpercent",47.0804486201618,2023,120
"938","PM","floweringpercent",47.0804486201618,2023,121
"939","PM","floweringpercent",47.0804486201618,2023,122
"940","PM","floweringpercent",47.0804486201618,2023,123
"941","PM","floweringpercent",47.0804486201618,2023,124
"942","PM","floweringpercent",47.0804486201618,2023,125
"943","PM","floweringpercent",47.0804486201618,2023,126
"944","PM","floweringpercent",47.0804486201618,2023,127
"945","PM","floweringpercent",47.0804486201618,2023,128
"946","PM","floweringpercent",47.0804486201618,2023,129
"947","PM","floweringpercent",47.0804486201618,2023,130
"948","PM","floweringpercent",47.0804486201618,2023,131
"949","PM","floweringpercent",47.0804486201618,2023,132
"950","PM","floweringpercent",47.0804486201618,2023,133
"951","PM","floweringpercent",47.0804486201618,2023,134
"952","PM","floweringpercent",47.0804486201618,2023,135
"953","PM","floweringpercent",47.0804486201618,2023,136
"954","PM","floweringpercent",47.0804486201618,2023,137
"955","PM","floweringpercent",47.0804486201618,2023,138
"956","PM","floweringpercent",47.0804486201618,2023,139
"957","PM","floweringpercent",47.0804486201618,2023,140
"958","PM","floweringpercent",47.0804486201618,2023,141
"959","PM","floweringpercent",47.0804486201618,2023,142
"960","PM","floweringpercent",47.0804486201618,2023,143
"961","PM","floweringpercent",47.0804486201618,2023,144
"962","PM","floweringpercent",47.0804486201618,2023,145
"963","SD","floweringpercent",39.2213454050986,2023,114
"964","SD","floweringpercent",39.2213454050986,2023,115
"965","SD","floweringpercent",39.2213454050986,2023,116
"966","SD","floweringpercent",39.2213454050986,2023,117
"967","SD","floweringpercent",39.2213454050986,2023,118
"968","SD","floweringpercent",39.2213454050986,2023,119
"969","SD","floweringpercent",39.2213454050986,2023,120
"970","SD","floweringpercent",39.2213454050986,2023,121
"971","SD","floweringpercent",39.2213454050986,2023,122
"972","SD","floweringpercent",39.2213454050986,2023,123
"973","SD","floweringpercent",39.2213454050986,2023,124
"974","SD","floweringpercent",39.2213454050986,2023,125
"975","SD","floweringpercent",39.2213454050986,2023,126
"976","SD","floweringpercent",39.2213454050986,2023,127
"977","SD","floweringpercent",39.2213454050986,2023,128
"978","SD","floweringpercent",39.2213454050986,2023,129
"979","SD","floweringpercent",39.2213454050986,2023,130
"980","SD","floweringpercent",39.2213454050986,2023,131
"981","SD","floweringpercent",39.2213454050986,2023,132
"982","SD","floweringpercent",39.2213454050986,2023,133
"983","SD","floweringpercent",39.2213454050986,2023,134
"984","SD","floweringpercent",39.2213454050986,2023,135
"985","SD","floweringpercent",39.2213454050986,2023,136
"986","SD","floweringpercent",39.2213454050986,2023,137
"987","SD","floweringpercent",39.2213454050986,2023,138
"988","SD","floweringpercent",39.2213454050986,2023,139
"989","SD","floweringpercent",39.2213454050986,2023,140
"990","SD","floweringpercent",39.2213454050986,2023,141
"991","SD","floweringpercent",39.2213454050986,2023,142
"992","SD","floweringpercent",39.2213454050986,2023,143
"993","SD","floweringpercent",39.2213454050986,2023,144
"994","SD","floweringpercent",39.2213454050986,2023,145
"995","W","floweringpercent",18.9409878032633,2023,114
"996","W","floweringpercent",18.9409878032633,2023,115
"997","W","floweringpercent",18.9409878032633,2023,116
"998","W","floweringpercent",18.9409878032633,2023,117
"999","W","floweringpercent",18.9409878032633,2023,118
"1000","W","floweringpercent",18.9409878032633,2023,119
"1001","W","floweringpercent",18.9409878032633,2023,120
"1002","W","floweringpercent",18.9409878032633,2023,121
"1003","W","floweringpercent",18.9409878032633,2023,122
"1004","W","floweringpercent",18.9409878032633,2023,123
"1005","W","floweringpercent",18.9409878032633,2023,124
"1006","W","floweringpercent",18.9409878032633,2023,125
"1007","W","floweringpercent",18.9409878032633,2023,126
"1008","W","floweringpercent",18.9409878032633,2023,127
"1009","W","floweringpercent",18.9409878032633,2023,128
"1010","W","floweringpercent",18.9409878032633,2023,129
"1011","W","floweringpercent",18.9409878032633,2023,130
"1012","W","floweringpercent",18.9409878032633,2023,131
"1013","W","floweringpercent",18.9409878032633,2023,132
"1014","W","floweringpercent",18.9409878032633,2023,133
"1015","W","floweringpercent",18.9409878032633,2023,134
"1016","W","floweringpercent",18.9409878032633,2023,135
"1017","W","floweringpercent",18.9409878032633,2023,136
"1018","W","floweringpercent",18.9409878032633,2023,137
"1019","W","floweringpercent",18.9409878032633,2023,138
"1020","W","floweringpercent",18.9409878032633,2023,139
"1021","W","floweringpercent",18.9409878032633,2023,140
"1022","W","floweringpercent",18.9409878032633,2023,141
"1023","W","floweringpercent",18.9409878032633,2023,142
"1024","W","floweringpercent",18.9409878032633,2023,143
"1025","W","floweringpercent",18.9409878032633,2023,144
"1026","W","floweringpercent",18.9409878032633,2023,145
"1027","ED","floweringpercent",37.0267538458413,2023,146
"1028","ED","floweringpercent",37.0267538458413,2023,147
"1029","ED","floweringpercent",37.0267538458413,2023,148
"1030","ED","floweringpercent",37.0267538458413,2023,149
"1031","ED","floweringpercent",37.0267538458413,2023,150
"1032","ED","floweringpercent",37.0267538458413,2023,151
"1033","HR","floweringpercent",53.4731465437039,2023,146
"1034","HR","floweringpercent",53.4731465437039,2023,147
"1035","HR","floweringpercent",53.4731465437039,2023,148
"1036","HR","floweringpercent",53.4731465437039,2023,149
"1037","HR","floweringpercent",53.4731465437039,2023,150
"1038","HR","floweringpercent",53.4731465437039,2023,151
"1039","NR","floweringpercent",59.1236325053022,2023,146
"1040","NR","floweringpercent",59.1236325053022,2023,147
"1041","NR","floweringpercent",59.1236325053022,2023,148
"1042","NR","floweringpercent",59.1236325053022,2023,149
"1043","NR","floweringpercent",59.1236325053022,2023,150
"1044","NR","floweringpercent",59.1236325053022,2023,151
"1045","PM","floweringpercent",47.3328691715756,2023,146
"1046","PM","floweringpercent",47.3328691715756,2023,147
"1047","PM","floweringpercent",47.3328691715756,2023,148
"1048","PM","floweringpercent",47.3328691715756,2023,149
"1049","PM","floweringpercent",47.3328691715756,2023,150
"1050","PM","floweringpercent",47.3328691715756,2023,151
"1051","SD","floweringpercent",40.1759147121779,2023,146
"1052","SD","floweringpercent",40.1759147121779,2023,147
"1053","SD","floweringpercent",40.1759147121779,2023,148
"1054","SD","floweringpercent",40.1759147121779,2023,149
"1055","SD","floweringpercent",40.1759147121779,2023,150
"1056","SD","floweringpercent",40.1759147121779,2023,151
"1057","W","floweringpercent",19.6190542747429,2023,146
"1058","W","floweringpercent",19.6190542747429,2023,147
"1059","W","floweringpercent",19.6190542747429,2023,148
"1060","W","floweringpercent",19.6190542747429,2023,149
"1061","W","floweringpercent",19.6190542747429,2023,150
"1062","W","floweringpercent",19.6190542747429,2023,151
"1063","ED","floweringpercent",40.9387811349947,2023,152
"1064","ED","floweringpercent",40.9387811349947,2023,153
"1065","ED","floweringpercent",40.9387811349947,2023,154
"1066","ED","floweringpercent",40.9387811349947,2023,155
"1067","ED","floweringpercent",40.9387811349947,2023,156
"1068","ED","floweringpercent",40.9387811349947,2023,157
"1069","ED","floweringpercent",40.9387811349947,2023,158
"1070","ED","floweringpercent",40.9387811349947,2023,159
"1071","ED","floweringpercent",40.9387811349947,2023,160
"1072","ED","floweringpercent",40.9387811349947,2023,161
"1073","ED","floweringpercent",40.9387811349947,2023,162
"1074","HR","floweringpercent",53.4731465437039,2023,152
"1075","HR","floweringpercent",53.4731465437039,2023,153
"1076","HR","floweringpercent",53.4731465437039,2023,154
"1077","HR","floweringpercent",53.4731465437039,2023,155
"1078","HR","floweringpercent",53.4731465437039,2023,156
"1079","HR","floweringpercent",53.4731465437039,2023,157
"1080","HR","floweringpercent",53.4731465437039,2023,158
"1081","HR","floweringpercent",53.4731465437039,2023,159
"1082","HR","floweringpercent",53.4731465437039,2023,160
"1083","HR","floweringpercent",53.4731465437039,2023,161
"1084","HR","floweringpercent",53.4731465437039,2023,162
"1085","NR","floweringpercent",59.1236325053022,2023,152
"1086","NR","floweringpercent",59.1236325053022,2023,153
"1087","NR","floweringpercent",59.1236325053022,2023,154
"1088","NR","floweringpercent",59.1236325053022,2023,155
"1089","NR","floweringpercent",59.1236325053022,2023,156
"1090","NR","floweringpercent",59.1236325053022,2023,157
"1091","NR","floweringpercent",59.1236325053022,2023,158
"1092","NR","floweringpercent",59.1236325053022,2023,159
"1093","NR","floweringpercent",59.1236325053022,2023,160
"1094","NR","floweringpercent",59.1236325053022,2023,161
"1095","NR","floweringpercent",59.1236325053022,2023,162
"1096","PM","floweringpercent",48.3281049944327,2023,152
"1097","PM","floweringpercent",48.3281049944327,2023,153
"1098","PM","floweringpercent",48.3281049944327,2023,154
"1099","PM","floweringpercent",48.3281049944327,2023,155
"1100","PM","floweringpercent",48.3281049944327,2023,156
"1101","PM","floweringpercent",48.3281049944327,2023,157
"1102","PM","floweringpercent",48.3281049944327,2023,158
"1103","PM","floweringpercent",48.3281049944327,2023,159
"1104","PM","floweringpercent",48.3281049944327,2023,160
"1105","PM","floweringpercent",48.3281049944327,2023,161
"1106","PM","floweringpercent",48.3281049944327,2023,162
"1107","SD","floweringpercent",40.1759147121779,2023,152
"1108","SD","floweringpercent",40.1759147121779,2023,153
"1109","SD","floweringpercent",40.1759147121779,2023,154
"1110","SD","floweringpercent",40.1759147121779,2023,155
"1111","SD","floweringpercent",40.1759147121779,2023,156
"1112","SD","floweringpercent",40.1759147121779,2023,157
"1113","SD","floweringpercent",40.1759147121779,2023,158
"1114","SD","floweringpercent",40.1759147121779,2023,159
"1115","SD","floweringpercent",40.1759147121779,2023,160
"1116","SD","floweringpercent",40.1759147121779,2023,161
"1117","SD","floweringpercent",40.1759147121779,2023,162
"1118","W","floweringpercent",19.6190542747429,2023,152
"1119","W","floweringpercent",19.6190542747429,2023,153
"1120","W","floweringpercent",19.6190542747429,2023,154
"1121","W","floweringpercent",19.6190542747429,2023,155
"1122","W","floweringpercent",19.6190542747429,2023,156
"1123","W","floweringpercent",19.6190542747429,2023,157
"1124","W","floweringpercent",19.6190542747429,2023,158
"1125","W","floweringpercent",19.6190542747429,2023,159
"1126","W","floweringpercent",19.6190542747429,2023,160
"1127","W","floweringpercent",19.6190542747429,2023,161
"1128","W","floweringpercent",19.6190542747429,2023,162
"1129","ED","floweringpercent",23.1524616184515,2023,163
"1130","ED","floweringpercent",23.1524616184515,2023,164
"1131","ED","floweringpercent",23.1524616184515,2023,165
"1132","ED","floweringpercent",23.1524616184515,2023,166
"1133","ED","floweringpercent",23.1524616184515,2023,167
"1134","ED","floweringpercent",23.1524616184515,2023,168
"1135","ED","floweringpercent",23.1524616184515,2023,169
"1136","ED","floweringpercent",23.1524616184515,2023,170
"1137","ED","floweringpercent",23.1524616184515,2023,171
"1138","ED","floweringpercent",23.1524616184515,2023,172
"1139","ED","floweringpercent",23.1524616184515,2023,173
"1140","ED","floweringpercent",23.1524616184515,2023,174
"1141","ED","floweringpercent",23.1524616184515,2023,175
"1142","ED","floweringpercent",23.1524616184515,2023,176
"1143","ED","floweringpercent",23.1524616184515,2023,177
"1144","ED","floweringpercent",23.1524616184515,2023,178
"1145","ED","floweringpercent",23.1524616184515,2023,179
"1146","ED","floweringpercent",23.1524616184515,2023,180
"1147","ED","floweringpercent",23.1524616184515,2023,181
"1148","ED","floweringpercent",23.1524616184515,2023,182
"1149","ED","floweringpercent",23.1524616184515,2023,183
"1150","ED","floweringpercent",23.1524616184515,2023,184
"1151","ED","floweringpercent",23.1524616184515,2023,185
"1152","ED","floweringpercent",23.1524616184515,2023,186
"1153","ED","floweringpercent",23.1524616184515,2023,187
"1154","ED","floweringpercent",23.1524616184515,2023,188
"1155","ED","floweringpercent",23.1524616184515,2023,189
"1156","ED","floweringpercent",23.1524616184515,2023,190
"1157","ED","floweringpercent",23.1524616184515,2023,191
"1158","ED","floweringpercent",23.1524616184515,2023,192
"1159","ED","floweringpercent",23.1524616184515,2023,193
"1160","ED","floweringpercent",23.1524616184515,2023,194
"1161","ED","floweringpercent",23.1524616184515,2023,195
"1162","ED","floweringpercent",23.1524616184515,2023,196
"1163","ED","floweringpercent",23.1524616184515,2023,197
"1164","ED","floweringpercent",23.1524616184515,2023,198
"1165","ED","floweringpercent",23.1524616184515,2023,199
"1166","ED","floweringpercent",23.1524616184515,2023,200
"1167","ED","floweringpercent",23.1524616184515,2023,201
"1168","ED","floweringpercent",23.1524616184515,2023,202
"1169","ED","floweringpercent",23.1524616184515,2023,203
"1170","ED","floweringpercent",23.1524616184515,2023,204
"1171","ED","floweringpercent",23.1524616184515,2023,205
"1172","ED","floweringpercent",23.1524616184515,2023,206
"1173","ED","floweringpercent",23.1524616184515,2023,207
"1174","ED","floweringpercent",23.1524616184515,2023,208
"1175","ED","floweringpercent",23.1524616184515,2023,209
"1176","ED","floweringpercent",23.1524616184515,2023,210
"1177","ED","floweringpercent",23.1524616184515,2023,211
"1178","ED","floweringpercent",23.1524616184515,2023,212
"1179","HR","floweringpercent",43.7158427954885,2023,163
"1180","HR","floweringpercent",43.7158427954885,2023,164
"1181","HR","floweringpercent",43.7158427954885,2023,165
"1182","HR","floweringpercent",43.7158427954885,2023,166
"1183","HR","floweringpercent",43.7158427954885,2023,167
"1184","HR","floweringpercent",43.7158427954885,2023,168
"1185","HR","floweringpercent",43.7158427954885,2023,169
"1186","HR","floweringpercent",43.7158427954885,2023,170
"1187","HR","floweringpercent",43.7158427954885,2023,171
"1188","HR","floweringpercent",43.7158427954885,2023,172
"1189","HR","floweringpercent",43.7158427954885,2023,173
"1190","HR","floweringpercent",43.7158427954885,2023,174
"1191","HR","floweringpercent",43.7158427954885,2023,175
"1192","HR","floweringpercent",43.7158427954885,2023,176
"1193","HR","floweringpercent",43.7158427954885,2023,177
"1194","HR","floweringpercent",43.7158427954885,2023,178
"1195","HR","floweringpercent",43.7158427954885,2023,179
"1196","HR","floweringpercent",43.7158427954885,2023,180
"1197","HR","floweringpercent",43.7158427954885,2023,181
"1198","HR","floweringpercent",43.7158427954885,2023,182
"1199","HR","floweringpercent",43.7158427954885,2023,183
"1200","HR","floweringpercent",43.7158427954885,2023,184
"1201","HR","floweringpercent",43.7158427954885,2023,185
"1202","HR","floweringpercent",43.7158427954885,2023,186
"1203","HR","floweringpercent",43.7158427954885,2023,187
"1204","HR","floweringpercent",43.7158427954885,2023,188
"1205","HR","floweringpercent",43.7158427954885,2023,189
"1206","HR","floweringpercent",43.7158427954885,2023,190
"1207","HR","floweringpercent",43.7158427954885,2023,191
"1208","HR","floweringpercent",43.7158427954885,2023,192
"1209","HR","floweringpercent",43.7158427954885,2023,193
"1210","HR","floweringpercent",43.7158427954885,2023,194
"1211","HR","floweringpercent",43.7158427954885,2023,195
"1212","HR","floweringpercent",43.7158427954885,2023,196
"1213","HR","floweringpercent",43.7158427954885,2023,197
"1214","HR","floweringpercent",43.7158427954885,2023,198
"1215","HR","floweringpercent",43.7158427954885,2023,199
"1216","HR","floweringpercent",43.7158427954885,2023,200
"1217","HR","floweringpercent",43.7158427954885,2023,201
"1218","HR","floweringpercent",43.7158427954885,2023,202
"1219","HR","floweringpercent",43.7158427954885,2023,203
"1220","HR","floweringpercent",43.7158427954885,2023,204
"1221","HR","floweringpercent",43.7158427954885,2023,205
"1222","HR","floweringpercent",43.7158427954885,2023,206
"1223","HR","floweringpercent",43.7158427954885,2023,207
"1224","HR","floweringpercent",43.7158427954885,2023,208
"1225","HR","floweringpercent",43.7158427954885,2023,209
"1226","HR","floweringpercent",43.7158427954885,2023,210
"1227","HR","floweringpercent",43.7158427954885,2023,211
"1228","HR","floweringpercent",43.7158427954885,2023,212
"1229","NR","floweringpercent",25.0860361333654,2023,163
"1230","NR","floweringpercent",25.0860361333654,2023,164
"1231","NR","floweringpercent",25.0860361333654,2023,165
"1232","NR","floweringpercent",25.0860361333654,2023,166
"1233","NR","floweringpercent",25.0860361333654,2023,167
"1234","NR","floweringpercent",25.0860361333654,2023,168
"1235","NR","floweringpercent",25.0860361333654,2023,169
"1236","NR","floweringpercent",25.0860361333654,2023,170
"1237","NR","floweringpercent",25.0860361333654,2023,171
"1238","NR","floweringpercent",25.0860361333654,2023,172
"1239","NR","floweringpercent",25.0860361333654,2023,173
"1240","NR","floweringpercent",25.0860361333654,2023,174
"1241","NR","floweringpercent",25.0860361333654,2023,175
"1242","NR","floweringpercent",25.0860361333654,2023,176
"1243","NR","floweringpercent",25.0860361333654,2023,177
"1244","NR","floweringpercent",25.0860361333654,2023,178
"1245","NR","floweringpercent",25.0860361333654,2023,179
"1246","NR","floweringpercent",25.0860361333654,2023,180
"1247","NR","floweringpercent",25.0860361333654,2023,181
"1248","NR","floweringpercent",25.0860361333654,2023,182
"1249","NR","floweringpercent",25.0860361333654,2023,183
"1250","NR","floweringpercent",25.0860361333654,2023,184
"1251","NR","floweringpercent",25.0860361333654,2023,185
"1252","NR","floweringpercent",25.0860361333654,2023,186
"1253","NR","floweringpercent",25.0860361333654,2023,187
"1254","NR","floweringpercent",25.0860361333654,2023,188
"1255","NR","floweringpercent",25.0860361333654,2023,189
"1256","NR","floweringpercent",25.0860361333654,2023,190
"1257","NR","floweringpercent",25.0860361333654,2023,191
"1258","NR","floweringpercent",25.0860361333654,2023,192
"1259","NR","floweringpercent",25.0860361333654,2023,193
"1260","NR","floweringpercent",25.0860361333654,2023,194
"1261","NR","floweringpercent",25.0860361333654,2023,195
"1262","NR","floweringpercent",25.0860361333654,2023,196
"1263","NR","floweringpercent",25.0860361333654,2023,197
"1264","NR","floweringpercent",25.0860361333654,2023,198
"1265","NR","floweringpercent",25.0860361333654,2023,199
"1266","NR","floweringpercent",25.0860361333654,2023,200
"1267","NR","floweringpercent",25.0860361333654,2023,201
"1268","NR","floweringpercent",25.0860361333654,2023,202
"1269","NR","floweringpercent",25.0860361333654,2023,203
"1270","NR","floweringpercent",25.0860361333654,2023,204
"1271","NR","floweringpercent",25.0860361333654,2023,205
"1272","NR","floweringpercent",25.0860361333654,2023,206
"1273","NR","floweringpercent",25.0860361333654,2023,207
"1274","NR","floweringpercent",25.0860361333654,2023,208
"1275","NR","floweringpercent",25.0860361333654,2023,209
"1276","NR","floweringpercent",25.0860361333654,2023,210
"1277","NR","floweringpercent",25.0860361333654,2023,211
"1278","NR","floweringpercent",25.0860361333654,2023,212
"1279","PM","floweringpercent",23.0631546832096,2023,163
"1280","PM","floweringpercent",23.0631546832096,2023,164
"1281","PM","floweringpercent",23.0631546832096,2023,165
"1282","PM","floweringpercent",23.0631546832096,2023,166
"1283","PM","floweringpercent",23.0631546832096,2023,167
"1284","PM","floweringpercent",23.0631546832096,2023,168
"1285","PM","floweringpercent",23.0631546832096,2023,169
"1286","PM","floweringpercent",23.0631546832096,2023,170
"1287","PM","floweringpercent",23.0631546832096,2023,171
"1288","PM","floweringpercent",23.0631546832096,2023,172
"1289","PM","floweringpercent",23.0631546832096,2023,173
"1290","PM","floweringpercent",23.0631546832096,2023,174
"1291","PM","floweringpercent",23.0631546832096,2023,175
"1292","PM","floweringpercent",23.0631546832096,2023,176
"1293","PM","floweringpercent",23.0631546832096,2023,177
"1294","PM","floweringpercent",23.0631546832096,2023,178
"1295","PM","floweringpercent",23.0631546832096,2023,179
"1296","PM","floweringpercent",23.0631546832096,2023,180
"1297","PM","floweringpercent",23.0631546832096,2023,181
"1298","PM","floweringpercent",23.0631546832096,2023,182
"1299","PM","floweringpercent",23.0631546832096,2023,183
"1300","PM","floweringpercent",23.0631546832096,2023,184
"1301","PM","floweringpercent",23.0631546832096,2023,185
"1302","PM","floweringpercent",23.0631546832096,2023,186
"1303","PM","floweringpercent",23.0631546832096,2023,187
"1304","PM","floweringpercent",23.0631546832096,2023,188
"1305","PM","floweringpercent",23.0631546832096,2023,189
"1306","PM","floweringpercent",23.0631546832096,2023,190
"1307","PM","floweringpercent",23.0631546832096,2023,191
"1308","PM","floweringpercent",23.0631546832096,2023,192
"1309","PM","floweringpercent",23.0631546832096,2023,193
"1310","PM","floweringpercent",23.0631546832096,2023,194
"1311","PM","floweringpercent",23.0631546832096,2023,195
"1312","PM","floweringpercent",23.0631546832096,2023,196
"1313","PM","floweringpercent",23.0631546832096,2023,197
"1314","PM","floweringpercent",23.0631546832096,2023,198
"1315","PM","floweringpercent",23.0631546832096,2023,199
"1316","PM","floweringpercent",23.0631546832096,2023,200
"1317","PM","floweringpercent",23.0631546832096,2023,201
"1318","PM","floweringpercent",23.0631546832096,2023,202
"1319","PM","floweringpercent",23.0631546832096,2023,203
"1320","PM","floweringpercent",23.0631546832096,2023,204
"1321","PM","floweringpercent",23.0631546832096,2023,205
"1322","PM","floweringpercent",23.0631546832096,2023,206
"1323","PM","floweringpercent",23.0631546832096,2023,207
"1324","PM","floweringpercent",23.0631546832096,2023,208
"1325","PM","floweringpercent",23.0631546832096,2023,209
"1326","PM","floweringpercent",23.0631546832096,2023,210
"1327","PM","floweringpercent",23.0631546832096,2023,211
"1328","PM","floweringpercent",23.0631546832096,2023,212
"1329","SD","floweringpercent",27.4526611693617,2023,163
"1330","SD","floweringpercent",27.4526611693617,2023,164
"1331","SD","floweringpercent",27.4526611693617,2023,165
"1332","SD","floweringpercent",27.4526611693617,2023,166
"1333","SD","floweringpercent",27.4526611693617,2023,167
"1334","SD","floweringpercent",27.4526611693617,2023,168
"1335","SD","floweringpercent",27.4526611693617,2023,169
"1336","SD","floweringpercent",27.4526611693617,2023,170
"1337","SD","floweringpercent",27.4526611693617,2023,171
"1338","SD","floweringpercent",27.4526611693617,2023,172
"1339","SD","floweringpercent",27.4526611693617,2023,173
"1340","SD","floweringpercent",27.4526611693617,2023,174
"1341","SD","floweringpercent",27.4526611693617,2023,175
"1342","SD","floweringpercent",27.4526611693617,2023,176
"1343","SD","floweringpercent",27.4526611693617,2023,177
"1344","SD","floweringpercent",27.4526611693617,2023,178
"1345","SD","floweringpercent",27.4526611693617,2023,179
"1346","SD","floweringpercent",27.4526611693617,2023,180
"1347","SD","floweringpercent",27.4526611693617,2023,181
"1348","SD","floweringpercent",27.4526611693617,2023,182
"1349","SD","floweringpercent",27.4526611693617,2023,183
"1350","SD","floweringpercent",27.4526611693617,2023,184
"1351","SD","floweringpercent",27.4526611693617,2023,185
"1352","SD","floweringpercent",27.4526611693617,2023,186
"1353","SD","floweringpercent",27.4526611693617,2023,187
"1354","SD","floweringpercent",27.4526611693617,2023,188
"1355","SD","floweringpercent",27.4526611693617,2023,189
"1356","SD","floweringpercent",27.4526611693617,2023,190
"1357","SD","floweringpercent",27.4526611693617,2023,191
"1358","SD","floweringpercent",27.4526611693617,2023,192
"1359","SD","floweringpercent",27.4526611693617,2023,193
"1360","SD","floweringpercent",27.4526611693617,2023,194
"1361","SD","floweringpercent",27.4526611693617,2023,195
"1362","SD","floweringpercent",27.4526611693617,2023,196
"1363","SD","floweringpercent",27.4526611693617,2023,197
"1364","SD","floweringpercent",27.4526611693617,2023,198
"1365","SD","floweringpercent",27.4526611693617,2023,199
"1366","SD","floweringpercent",27.4526611693617,2023,200
"1367","SD","floweringpercent",27.4526611693617,2023,201
"1368","SD","floweringpercent",27.4526611693617,2023,202
"1369","SD","floweringpercent",27.4526611693617,2023,203
"1370","SD","floweringpercent",27.4526611693617,2023,204
"1371","SD","floweringpercent",27.4526611693617,2023,205
"1372","SD","floweringpercent",27.4526611693617,2023,206
"1373","SD","floweringpercent",27.4526611693617,2023,207
"1374","SD","floweringpercent",27.4526611693617,2023,208
"1375","SD","floweringpercent",27.4526611693617,2023,209
"1376","SD","floweringpercent",27.4526611693617,2023,210
"1377","SD","floweringpercent",27.4526611693617,2023,211
"1378","SD","floweringpercent",27.4526611693617,2023,212
"1379","W","floweringpercent",16.1647221527461,2023,163
"1380","W","floweringpercent",16.1647221527461,2023,164
"1381","W","floweringpercent",16.1647221527461,2023,165
"1382","W","floweringpercent",16.1647221527461,2023,166
"1383","W","floweringpercent",16.1647221527461,2023,167
"1384","W","floweringpercent",16.1647221527461,2023,168
"1385","W","floweringpercent",16.1647221527461,2023,169
"1386","W","floweringpercent",16.1647221527461,2023,170
"1387","W","floweringpercent",16.1647221527461,2023,171
"1388","W","floweringpercent",16.1647221527461,2023,172
"1389","W","floweringpercent",16.1647221527461,2023,173
"1390","W","floweringpercent",16.1647221527461,2023,174
"1391","W","floweringpercent",16.1647221527461,2023,175
"1392","W","floweringpercent",16.1647221527461,2023,176
"1393","W","floweringpercent",16.1647221527461,2023,177
"1394","W","floweringpercent",16.1647221527461,2023,178
"1395","W","floweringpercent",16.1647221527461,2023,179
"1396","W","floweringpercent",16.1647221527461,2023,180
"1397","W","floweringpercent",16.1647221527461,2023,181
"1398","W","floweringpercent",16.1647221527461,2023,182
"1399","W","floweringpercent",16.1647221527461,2023,183
"1400","W","floweringpercent",16.1647221527461,2023,184
"1401","W","floweringpercent",16.1647221527461,2023,185
"1402","W","floweringpercent",16.1647221527461,2023,186
"1403","W","floweringpercent",16.1647221527461,2023,187
"1404","W","floweringpercent",16.1647221527461,2023,188
"1405","W","floweringpercent",16.1647221527461,2023,189
"1406","W","floweringpercent",16.1647221527461,2023,190
"1407","W","floweringpercent",16.1647221527461,2023,191
"1408","W","floweringpercent",16.1647221527461,2023,192
"1409","W","floweringpercent",16.1647221527461,2023,193
"1410","W","floweringpercent",16.1647221527461,2023,194
"1411","W","floweringpercent",16.1647221527461,2023,195
"1412","W","floweringpercent",16.1647221527461,2023,196
"1413","W","floweringpercent",16.1647221527461,2023,197
"1414","W","floweringpercent",16.1647221527461,2023,198
"1415","W","floweringpercent",16.1647221527461,2023,199
"1416","W","floweringpercent",16.1647221527461,2023,200
"1417","W","floweringpercent",16.1647221527461,2023,201
"1418","W","floweringpercent",16.1647221527461,2023,202
"1419","W","floweringpercent",16.1647221527461,2023,203
"1420","W","floweringpercent",16.1647221527461,2023,204
"1421","W","floweringpercent",16.1647221527461,2023,205
"1422","W","floweringpercent",16.1647221527461,2023,206
"1423","W","floweringpercent",16.1647221527461,2023,207
"1424","W","floweringpercent",16.1647221527461,2023,208
"1425","W","floweringpercent",16.1647221527461,2023,209
"1426","W","floweringpercent",16.1647221527461,2023,210
"1427","W","floweringpercent",16.1647221527461,2023,211
"1428","W","floweringpercent",16.1647221527461,2023,212
"1429","ED","floweringpercent",19.2404343292981,2023,213
"1430","ED","floweringpercent",19.2404343292981,2023,214
"1431","ED","floweringpercent",19.2404343292981,2023,215
"1432","ED","floweringpercent",19.2404343292981,2023,216
"1433","ED","floweringpercent",19.2404343292981,2023,217
"1434","ED","floweringpercent",19.2404343292981,2023,218
"1435","ED","floweringpercent",19.2404343292981,2023,219
"1436","ED","floweringpercent",19.2404343292981,2023,220
"1437","ED","floweringpercent",19.2404343292981,2023,221
"1438","ED","floweringpercent",19.2404343292981,2023,222
"1439","ED","floweringpercent",19.2404343292981,2023,223
"1440","ED","floweringpercent",19.2404343292981,2023,224
"1441","ED","floweringpercent",19.2404343292981,2023,225
"1442","ED","floweringpercent",19.2404343292981,2023,226
"1443","ED","floweringpercent",19.2404343292981,2023,227
"1444","ED","floweringpercent",19.2404343292981,2023,228
"1445","ED","floweringpercent",19.2404343292981,2023,229
"1446","ED","floweringpercent",19.2404343292981,2023,230
"1447","ED","floweringpercent",19.2404343292981,2023,231
"1448","ED","floweringpercent",19.2404343292981,2023,232
"1449","ED","floweringpercent",19.2404343292981,2023,233
"1450","ED","floweringpercent",19.2404343292981,2023,234
"1451","HR","floweringpercent",43.7158427954885,2023,213
"1452","HR","floweringpercent",43.7158427954885,2023,214
"1453","HR","floweringpercent",43.7158427954885,2023,215
"1454","HR","floweringpercent",43.7158427954885,2023,216
"1455","HR","floweringpercent",43.7158427954885,2023,217
"1456","HR","floweringpercent",43.7158427954885,2023,218
"1457","HR","floweringpercent",43.7158427954885,2023,219
"1458","HR","floweringpercent",43.7158427954885,2023,220
"1459","HR","floweringpercent",43.7158427954885,2023,221
"1460","HR","floweringpercent",43.7158427954885,2023,222
"1461","HR","floweringpercent",43.7158427954885,2023,223
"1462","HR","floweringpercent",43.7158427954885,2023,224
"1463","HR","floweringpercent",43.7158427954885,2023,225
"1464","HR","floweringpercent",43.7158427954885,2023,226
"1465","HR","floweringpercent",43.7158427954885,2023,227
"1466","HR","floweringpercent",43.7158427954885,2023,228
"1467","HR","floweringpercent",43.7158427954885,2023,229
"1468","HR","floweringpercent",43.7158427954885,2023,230
"1469","HR","floweringpercent",43.7158427954885,2023,231
"1470","HR","floweringpercent",43.7158427954885,2023,232
"1471","HR","floweringpercent",43.7158427954885,2023,233
"1472","HR","floweringpercent",43.7158427954885,2023,234
"1473","NR","floweringpercent",25.0860361333654,2023,213
"1474","NR","floweringpercent",25.0860361333654,2023,214
"1475","NR","floweringpercent",25.0860361333654,2023,215
"1476","NR","floweringpercent",25.0860361333654,2023,216
"1477","NR","floweringpercent",25.0860361333654,2023,217
"1478","NR","floweringpercent",25.0860361333654,2023,218
"1479","NR","floweringpercent",25.0860361333654,2023,219
"1480","NR","floweringpercent",25.0860361333654,2023,220
"1481","NR","floweringpercent",25.0860361333654,2023,221
"1482","NR","floweringpercent",25.0860361333654,2023,222
"1483","NR","floweringpercent",25.0860361333654,2023,223
"1484","NR","floweringpercent",25.0860361333654,2023,224
"1485","NR","floweringpercent",25.0860361333654,2023,225
"1486","NR","floweringpercent",25.0860361333654,2023,226
"1487","NR","floweringpercent",25.0860361333654,2023,227
"1488","NR","floweringpercent",25.0860361333654,2023,228
"1489","NR","floweringpercent",25.0860361333654,2023,229
"1490","NR","floweringpercent",25.0860361333654,2023,230
"1491","NR","floweringpercent",25.0860361333654,2023,231
"1492","NR","floweringpercent",25.0860361333654,2023,232
"1493","NR","floweringpercent",25.0860361333654,2023,233
"1494","NR","floweringpercent",25.0860361333654,2023,234
"1495","PM","floweringpercent",22.0679188603525,2023,213
"1496","PM","floweringpercent",22.0679188603525,2023,214
"1497","PM","floweringpercent",22.0679188603525,2023,215
"1498","PM","floweringpercent",22.0679188603525,2023,216
"1499","PM","floweringpercent",22.0679188603525,2023,217
"1500","PM","floweringpercent",22.0679188603525,2023,218
"1501","PM","floweringpercent",22.0679188603525,2023,219
"1502","PM","floweringpercent",22.0679188603525,2023,220
"1503","PM","floweringpercent",22.0679188603525,2023,221
"1504","PM","floweringpercent",22.0679188603525,2023,222
"1505","PM","floweringpercent",22.0679188603525,2023,223
"1506","PM","floweringpercent",22.0679188603525,2023,224
"1507","PM","floweringpercent",22.0679188603525,2023,225
"1508","PM","floweringpercent",22.0679188603525,2023,226
"1509","PM","floweringpercent",22.0679188603525,2023,227
"1510","PM","floweringpercent",22.0679188603525,2023,228
"1511","PM","floweringpercent",22.0679188603525,2023,229
"1512","PM","floweringpercent",22.0679188603525,2023,230
"1513","PM","floweringpercent",22.0679188603525,2023,231
"1514","PM","floweringpercent",22.0679188603525,2023,232
"1515","PM","floweringpercent",22.0679188603525,2023,233
"1516","PM","floweringpercent",22.0679188603525,2023,234
"1517","SD","floweringpercent",27.4526611693617,2023,213
"1518","SD","floweringpercent",27.4526611693617,2023,214
"1519","SD","floweringpercent",27.4526611693617,2023,215
"1520","SD","floweringpercent",27.4526611693617,2023,216
"1521","SD","floweringpercent",27.4526611693617,2023,217
"1522","SD","floweringpercent",27.4526611693617,2023,218
"1523","SD","floweringpercent",27.4526611693617,2023,219
"1524","SD","floweringpercent",27.4526611693617,2023,220
"1525","SD","floweringpercent",27.4526611693617,2023,221
"1526","SD","floweringpercent",27.4526611693617,2023,222
"1527","SD","floweringpercent",27.4526611693617,2023,223
"1528","SD","floweringpercent",27.4526611693617,2023,224
"1529","SD","floweringpercent",27.4526611693617,2023,225
"1530","SD","floweringpercent",27.4526611693617,2023,226
"1531","SD","floweringpercent",27.4526611693617,2023,227
"1532","SD","floweringpercent",27.4526611693617,2023,228
"1533","SD","floweringpercent",27.4526611693617,2023,229
"1534","SD","floweringpercent",27.4526611693617,2023,230
"1535","SD","floweringpercent",27.4526611693617,2023,231
"1536","SD","floweringpercent",27.4526611693617,2023,232
"1537","SD","floweringpercent",27.4526611693617,2023,233
"1538","SD","floweringpercent",27.4526611693617,2023,234
"1539","W","floweringpercent",16.1647221527461,2023,213
"1540","W","floweringpercent",16.1647221527461,2023,214
"1541","W","floweringpercent",16.1647221527461,2023,215
"1542","W","floweringpercent",16.1647221527461,2023,216
"1543","W","floweringpercent",16.1647221527461,2023,217
"1544","W","floweringpercent",16.1647221527461,2023,218
"1545","W","floweringpercent",16.1647221527461,2023,219
"1546","W","floweringpercent",16.1647221527461,2023,220
"1547","W","floweringpercent",16.1647221527461,2023,221
"1548","W","floweringpercent",16.1647221527461,2023,222
"1549","W","floweringpercent",16.1647221527461,2023,223
"1550","W","floweringpercent",16.1647221527461,2023,224
"1551","W","floweringpercent",16.1647221527461,2023,225
"1552","W","floweringpercent",16.1647221527461,2023,226
"1553","W","floweringpercent",16.1647221527461,2023,227
"1554","W","floweringpercent",16.1647221527461,2023,228
"1555","W","floweringpercent",16.1647221527461,2023,229
"1556","W","floweringpercent",16.1647221527461,2023,230
"1557","W","floweringpercent",16.1647221527461,2023,231
"1558","W","floweringpercent",16.1647221527461,2023,232
"1559","W","floweringpercent",16.1647221527461,2023,233
"1560","W","floweringpercent",16.1647221527461,2023,234
